year,office,candidate,party,source_url,source_note
2004,State Assembly,Gregory R. Miller,,,
2004,State Assembly,Heidi S. Gansert,,,
2004,State Assembly,Roderick R. Shererh,,,
2004,State Assembly,Linwood E. Jr.,,,
2004,State Assembly,Marilyn Kirkpatrick,,,
2004,State Assembly,Cornell Clark,,,
2004,State Assembly,Gary S. Sr.,,,
2004,State Assembly,Morse A. Jr.,,,
2004,State Assembly,Richard G. Jr.,,,
2004,State Assembly,Steven C. Dempseye,,,
2004,State Assembly,Merritt. K. Yochumo,,,
2004,State Assembly,Benjamin J. Sr.,,,
2006,State Assembly,Lynn Stewart,,,
2006,State Assembly,James A. Settelmeyer,,,
2006,State Assembly,Patricia P. Little,,,
2008,State Assembly,Leonard Foster,,,
2008,State Assembly,Gregory R. Miller,,,
2008,State Assembly,Nathan Santucci,,,
2008,State Assembly,Lynn Stewart,,,
2012,U.S. Senate,David L. Vanderbeek,,,
2012,U.S. House,Michael L. Haines,,,
2012,U.S. House,Russell Best,,,
2012,U.S. House,Samuel Koepnick,,,
2012,U.S. House,Joseph P. Silvestri,,,
2012,U.S. House,Floyd Fitzgibbons,,,
2012,U.S. House,Danny Tarkanian,,,
2012,U.S. House,Steven A. Horsford,,,
2012,U.S. House,Tom Jones,,,
2012,U.S. House,Jim Murphy,,,
2012,U.S. House,John Oceguera,,,
2012,U.S. House,Joe Heck,,,
2012,U.S. House,Stan Vaughan,,,
2012,U.S. House,William B. Pojunis,,,
2012,U.S. House,Dina Titus,,,
2012,U.S. House,Chris Edwards,,,
2012,State Senate,Greg Brower,,,
2012,State Senate,Sheila Leslie,,,
2012,State Assembly,Randy Kirner,,,
2012,State Assembly,Rodney R. Petzak,,,
2012,State Assembly,Pat Hickey,,,
2012,State Assembly,Ira Hansen,,,
2012,State Senate,Kathy Martin,,,
2012,State Senate,Debbie Smith,,,
2012,State Senate,Pete Goicoechea,,,
2012,State Senate,Harley Z. Kulkin,,,
2012,State Senate,Kelli Ross,,,
2012,State Senate,Scott T. Hammond,,,
2012,State Senate,Benny Yerushalmi,,,
2012,State Senate,Mark Hutchison,,,
2012,State Assembly,Tom Taber,,,
2012,State Assembly,Teresa Benitez-Thompson,,,
2012,State Assembly,Ken Lightfoot,,,
2012,State Assembly,Michael Sprinkle,,,
2012,State Senate,Ed Gobel,,,
2012,State Senate,Tick Segerblom,,,
2012,State Senate,Steve Kirk,,,
2012,State Senate,Joyce Woodhouse,,,
2012,State Assembly,David K. Schumann,,,
2012,State Assembly,Jim Wheeler,,,
2012,State Assembly,David Espinosa,,,
2012,State Assembly,Richard S. Daly,,,
2012,State Senate,Trish Marsh,,,
2012,State Senate,David Parks,,,
2012,State Assembly,Michael Joe,,,
2012,State Assembly,Melissa Woodbury,,,
2012,State Assembly,James Oscarson,,,
2012,State Assembly,Anthony Wernicke,,,
2012,State Assembly,Rich Dunn,,,
2012,State Assembly,Pete Livermore,,,
2012,State Senate,Linda West Myers,,,
2012,State Senate,Kelvin Atkinson,,,
2012,State Senate,Justin Jones,,,
2012,State Senate,Mari N. St. Martin,,,
2012,State Assembly,John Ellison,,,
2012,State Senate,John Drake,,,
2012,State Assembly,Paul Anderson,,,
2012,State Assembly,Louis Desalvio,,,
2012,State Senate,Gregory Hughes,,,
2012,State Senate,Patricia Spearman,,,
2012,State Assembly,Wesley Duncan,,,
2012,State Assembly,Marcus Conklin,,,
2012,State Assembly,Tom Grady,,,
2012,State Assembly,Heidi Waterman,,,
2012,State Assembly,David Bobzien,,,
2012,State Assembly,Felipe Rodriguez,,,
2012,State Assembly,Cresent Hardy,,,
2012,State Assembly,Jonathan J. Hansen,,,
2012,State Assembly,Kenneth C. Evans,,,
2012,State Assembly,Lynn Stewart,,,
2012,State Assembly,Randy Spoor,,,
2012,State Assembly,Anthony Blanque,,,
2012,State Assembly,Bob Irwin,,,
2012,State Assembly,April Mastroluca,,,
2012,State Assembly,Bridgette Bryant,,,
2012,State Assembly,James Ohrenschall,,,
2012,State Assembly,Phyllis M. Moilanen,,,
2012,State Assembly,Peggy Pierce,,,
2012,State Assembly,Clark Harrington,,,
2012,State Assembly,William C. Horne,,,
2012,State Assembly,Ben Boarman,,,
2012,State Assembly,Heidi Swank,,,
2012,State Assembly,John Hambrick,,,
2012,State Assembly,Tim Farrell,,,
2012,State Assembly,Joseph M. Hogan,,,
2012,State Assembly,Phil Regeski,,,
2012,State Assembly,Paul Aizley,,,
2012,State Assembly,Jason Reeves,,,
2012,State Assembly,Bill Harrington,,,
2012,State Assembly,Marilyn D. Loop,,,
2012,State Assembly,Richard Carrillo,,,
2012,State Assembly,C. K. Hurst,,,
2012,State Assembly,Andrew Martin,,,
2012,State Assembly,Jason Frierson,,,
2012,State Assembly,Arthur D. Martinez,,,
2012,State Assembly,Les Mckay,,,
2012,State Assembly,Andy Eisen,,,
2012,State Assembly,Becky Harris,,,
2012,State Assembly,Brent Leavitt,,,
2012,State Assembly,Dina Neal,,,
2012,State Assembly,Megan Heryet,,,
2012,State Assembly,Elliot T. Anderson,,,
2012,State Assembly,Eric Mendoza,,,
2012,State Assembly,Ellen Spiegel,,,
2012,State Assembly,Harvey J. Munford,,,
2012,State Assembly,Len Marciano,,,
2012,State Assembly,Steven Brooks,,,
2012,State Assembly,Tom Blanchard,,,
2012,State Assembly,James Healey,,,
2012,State Assembly,Robert Mcentee,,,
2012,State Assembly,Irene Bustamante Adams,,,
2012,State Assembly,Marilyn Kirkpatrick,,,
2012,State Assembly,Olivia Diaz,,,
2012,State Assembly,Amy L. Groves,,,
2012,State Assembly,Maggie Carlton,,,
2012,State Assembly,Lucy Flores,,,
2014,Attorney General,Jonathan J. Hansen,,,
2014,Governor,Robert B. Goodman,,,
2014,Governor,David L. Vanderbeek,,,
2014,Lieutenant Governor,Mike Little,,,
2014,State Controller,Tom Jones,,,
2014,State Controller,Andrew Martin,,,
2014,State Treasurer,Kress K. Cave,,,
2014,U.S. House,Kristen Spees,,,
2014,U.S. House,Russell Best,,,
2014,U.S. House,Steve Brown,,,
2014,U.S. House,Cresent Hardy,,,
2014,U.S. House,Steven A. Horsford,,,
2014,U.S. House,Erin Bilbray,,,
2014,U.S. House,David Goossen,,,
2014,U.S. House,Joe Heck,,,
2014,U.S. House,Randy Kimmick,,,
2014,U.S. House,Steven St. John,,,
2014,U.S. House,Kamau Bakari,,,
2014,U.S. House,Richard R. Charles,,,
2014,U.S. House,Annette Teijeiro,,,
2014,U.S. House,Dina Titus,,,
2014,State Senate,Don Gustavson,,,
2014,State Senate,Joe Hunt,,,
2014,State Senate,John H. Everhart,,,
2014,State Senate,Michael Kelley,,,
2014,State Senate,Ben Kieckhefer,,,
2014,State Assembly,Randy Kirner,,,
2014,State Assembly,Lisa Krasner,,,
2014,State Assembly,Pat Hickey,,,
2014,State Assembly,Niklas Putnam,,,
2014,State Assembly,Louis W. Gabriel,,,
2014,State Assembly,Ira Hansen,,,
2014,State Assembly,John S. Sampaga,,,
2014,State Senate,Thomas Koziol,,,
2014,State Senate,Debbie Smith,,,
2014,State Senate,James A. Settelmeyer,,,
2014,State Senate,Joe Hardy,,,
2014,State Assembly,Teresa Benitez-Thompson,,,
2014,State Assembly,Rex Crouch,,,
2014,State Assembly,Lauren A. Scott,,,
2014,State Assembly,Michael Sprinkle,,,
2014,State Senate,Teresa Lowry,,,
2014,State Senate,Michael Roberson,,,
2014,State Assembly,Richard S. Daly,,,
2014,State Assembly,Jill Dickman,,,
2014,State Senate,Patricia Farley,,,
2014,State Senate,Jon Kamerath,,,
2014,State Senate,Marilyn D. Loop,,,
2014,State Assembly,Al Giordano,,,
2014,State Assembly,Jim Wheeler,,,
2014,State Senate,Becky Harris,,,
2014,State Senate,Justin Jones,,,
2014,State Senate,Ruben Kihuen,,,
2014,State Senate,Ed Uehling,,,
2014,State Assembly,Melissa Woodbury,,,
2014,State Assembly,James Oscarson,,,
2014,State Senate,Mark Manendo,,,
2014,State Senate,Ron L. Mcginnis,,,
2014,State Assembly,Dave Cook,,,
2014,State Assembly,Philip P. O'Neill,,,
2014,State Assembly,John Wagner,,,
2014,State Assembly,John Ellison,,,
2014,State Assembly,Paul Anderson,,,
2014,State Assembly,Christine L. Kramar,,,
2014,State Assembly,Wesley Duncan,,,
2014,State Assembly,Gerald Mackin,,,
2014,State Assembly,Lou Pombo,,,
2014,State Assembly,Tim Fasano,,,
2014,State Assembly,John O'Connor,,,
2014,State Assembly,Robin L. Titus,,,
2014,State Senate,Louis J. Baker,,,
2014,State Senate,Mo Denis,,,
2014,State Assembly,David Bobzien,,,
2014,State Assembly,Chris Edwards,,,
2014,State Assembly,Donald W. Hendon,,,
2014,State Assembly,James Zygadlo,,,
2014,State Assembly,Jeff Hinton,,,
2014,State Assembly,Leroy T. Lalley,,,
2014,State Assembly,Lynn Stewart,,,
2014,State Assembly,Lesley E. Cohen,,,
2014,State Assembly,Stephen Silberkraus,,,
2014,State Assembly,Nelson Araujo,,,
2014,State Assembly,Jesus Marquez,,,
2014,State Assembly,James Ohrenschall,,,
2014,State Assembly,Troy Warren,,,
2014,State Assembly,Victoria Seaman,,,
2014,State Assembly,Meghan Smith,,,
2014,State Assembly,John Hambrick,,,
2014,State Assembly,A.J. Maimbourg,,,
2014,State Assembly,Jesse J. Holder,,,
2014,State Assembly,Shelly M. Shelton,,,
2014,State Assembly,Amy Beaulieu,,,
2014,State Assembly,Richard Carrillo,,,
2014,State Assembly,David M. Gardner,,,
2014,State Assembly,Steve Yeager,,,
2014,State Assembly,Heidi Swank,,,
2014,State Assembly,Patricia P. Little,,,
2014,State Assembly,Patrick Mendez,,,
2014,State Assembly,Tyrone Thompson,,,
2014,State Assembly,Paul Aizley,,,
2014,State Assembly,Vicki Dooling,,,
2014,State Assembly,Erv Nelson,,,
2014,State Assembly,Jerri D. Strasser,,,
2014,State Assembly,Jason Frierson,,,
2014,State Assembly,John Moore,,,
2014,State Assembly,Derek W. Armstrong,,,
2014,State Assembly,Andy Eisen,,,
2014,State Assembly,Adam-John Sanacore,,,
2014,State Assembly,James Healey,,,
2014,State Assembly,Brent A. Jones,,,
2014,State Assembly,Brent Leavitt,,,
2014,State Assembly,Dina Neal,,,
2014,State Assembly,Harvey J. Munford,,,
2014,State Assembly,Elliot T. Anderson,,,
2014,State Assembly,Benjamin Donlon,,,
2014,State Assembly,Roberto S. Juarez,,,
2014,State Assembly,Carol Linton,,,
2014,State Assembly,Ellen Spiegel,,,
2014,State Assembly,Irene Bustamante Adams,,,
2014,State Assembly,Howard Scheff,,,
2014,State Assembly,Roger O. Baum,,,
2014,State Assembly,Marilyn Kirkpatrick,,,
2014,State Assembly,Olivia Diaz,,,
2014,State Assembly,Maggie Carlton,,,
2014,State Assembly,Matthew Yarbrough,,,
2014,State Assembly,Edgar R. Flores,,,
2016,U.S. Senate,Tony Gumina,,,
2016,U.S. Senate,Thomas T. Sawyer,,,
2016,U.S. Senate,Jarrod M. Williams,,,
2016,U.S. House,Drew Knight,,,
2016,U.S. House,David Goossen,,,
2016,U.S. House,Reuben D'Silva,,,
2016,State Assembly,Wendy R. Cochran,,,
2020,U.S. House,Patricia Ackerman,,,
2020,U.S. House,Jonathan R. Esteban,,,
2020,U.S. House,Steven A. Horsford,,,
2020,U.S. House,Barry Rubinson,,,
2020,U.S. House,Edward Bridges Ii,,,
2020,U.S. House,Steve Brown,,,
2020,U.S. House,Suzanne Lee,,,
2020,U.S. House,Dan B. Rodimer,,,
2020,U.S. House,Kamau A. Bakari,,,
2020,U.S. House,Joyce Bentley,,,
2020,U.S. House,"Jr., R. Strawder",,,
2020,U.S. House,Dina Titus,,,
2020,State Senate,Heidi S. Gansert,Republican,https://en.wikipedia.org/wiki/2022_Nevada_Senate_election; https://en.wikipedia.org/wiki/2020_Nevada_Senate_election; https://en.wikipedia.org/wiki/2018_Nevada_Senate_election,High-confidence Wikipedia candidate-party proximity match; verify against NV SOS official results.
2020,State Senate,Wendy Jauregui-Jackins,Democratic,https://en.wikipedia.org/wiki/2022_Nevada_Senate_election; https://en.wikipedia.org/wiki/2020_Nevada_Senate_election; https://en.wikipedia.org/wiki/2018_Nevada_Senate_election,High-confidence Wikipedia candidate-party proximity match; verify against NV SOS official results.
2020,State Senate,Pete Goicoechea,Republican,https://en.wikipedia.org/wiki/2022_Nevada_Senate_election; https://en.wikipedia.org/wiki/2020_Nevada_Senate_election; https://en.wikipedia.org/wiki/2018_Nevada_Senate_election,High-confidence Wikipedia candidate-party proximity match; verify against NV SOS official results.
2020,State Senate,Tiffany G. Seeback,Independent American,https://en.wikipedia.org/wiki/2022_Nevada_Senate_election; https://en.wikipedia.org/wiki/2020_Nevada_Senate_election; https://en.wikipedia.org/wiki/2018_Nevada_Senate_election,High-confidence Wikipedia candidate-party proximity match; verify against NV SOS official results.
2020,State Assembly,Alexis Hansen,Republican,https://en.wikipedia.org/wiki/2020_Nevada_Assembly_election; https://en.wikipedia.org/wiki/2018_Nevada_Assembly_election,High-confidence Wikipedia candidate-party proximity match; verify against NV SOS official results.
2020,State Assembly,Paula Povilaitis,Democratic,https://en.wikipedia.org/wiki/2020_Nevada_Assembly_election; https://en.wikipedia.org/wiki/2018_Nevada_Assembly_election,High-confidence Wikipedia candidate-party proximity match; verify against NV SOS official results.
2020,State Senate,Liz Becker,Democratic,https://en.wikipedia.org/wiki/2022_Nevada_Senate_election; https://en.wikipedia.org/wiki/2020_Nevada_Senate_election; https://en.wikipedia.org/wiki/2018_Nevada_Senate_election,High-confidence Wikipedia candidate-party proximity match; verify against NV SOS official results.
2020,State Senate,Scott T. Hammond,Republican,https://en.wikipedia.org/wiki/2022_Nevada_Senate_election; https://en.wikipedia.org/wiki/2020_Nevada_Senate_election; https://en.wikipedia.org/wiki/2018_Nevada_Senate_election,High-confidence single-party Wikipedia match for candidate name.
2020,State Assembly,Jill Tolles,Republican,https://en.wikipedia.org/wiki/2020_Nevada_Assembly_election; https://en.wikipedia.org/wiki/2018_Nevada_Assembly_election,High-confidence Wikipedia candidate-party proximity match; verify against NV SOS official results.
2020,State Senate,April Becker,Republican,https://en.wikipedia.org/wiki/2022_Nevada_Senate_election; https://en.wikipedia.org/wiki/2020_Nevada_Senate_election; https://en.wikipedia.org/wiki/2018_Nevada_Senate_election,High-confidence single-party Wikipedia match for candidate name.
2020,State Senate,Nicole Cannizzaro,Democratic,https://en.wikipedia.org/wiki/2022_Nevada_Senate_election; https://en.wikipedia.org/wiki/2020_Nevada_Senate_election; https://en.wikipedia.org/wiki/2018_Nevada_Senate_election,High-confidence Wikipedia candidate-party proximity match; verify against NV SOS official results.
2020,State Assembly,Vance Alm,Democratic,https://en.wikipedia.org/wiki/2020_Nevada_Assembly_election; https://en.wikipedia.org/wiki/2018_Nevada_Assembly_election,High-confidence Wikipedia candidate-party proximity match; verify against NV SOS official results.
2020,State Assembly,Lisa Krasner,Republican,https://en.wikipedia.org/wiki/2020_Nevada_Assembly_election; https://en.wikipedia.org/wiki/2018_Nevada_Assembly_election,High-confidence Wikipedia candidate-party proximity match; verify against NV SOS official results.
2020,State Assembly,Teresa Benitez-Thompson,,,
2020,State Assembly,Barb Hawn,Republican,https://en.wikipedia.org/wiki/2020_Nevada_Assembly_election; https://en.wikipedia.org/wiki/2018_Nevada_Assembly_election,High-confidence Wikipedia candidate-party proximity match; verify against NV SOS official results.
2020,State Senate,Christopher Brooks,Democratic,https://www.leg.state.nv.us/App/Legislator/A/Senate/81st2021/3; https://nevadagop.org/wp-content/uploads/2020/09/Clark-Republican-Candidate-Slate.pdf,Filled from source-backed candidate-party references (NV Legislature profile and NV GOP slate for district race); verify against NV SOS official canvass.
2020,State Assembly,Natha C. Anderson,,,
2020,State Assembly,Randy Hoff,Republican,https://en.wikipedia.org/wiki/2020_Nevada_Assembly_election; https://en.wikipedia.org/wiki/2018_Nevada_Assembly_election,High-confidence Wikipedia candidate-party proximity match; verify against NV SOS official results.
2020,State Assembly,Charlene Young,Independent American,https://en.wikipedia.org/wiki/2020_Nevada_Assembly_election; https://en.wikipedia.org/wiki/2018_Nevada_Assembly_election,High-confidence Wikipedia candidate-party proximity match; verify against NV SOS official results.
2020,State Assembly,Gregory Hafen Ii,,,
2020,State Senate,Carrie Buck,Republican,https://en.wikipedia.org/wiki/2022_Nevada_Senate_election; https://en.wikipedia.org/wiki/2020_Nevada_Senate_election; https://en.wikipedia.org/wiki/2018_Nevada_Senate_election,High-confidence single-party Wikipedia match for candidate name.
2020,State Senate,Tim Hagan,Libertarian,https://en.wikipedia.org/wiki/2022_Nevada_Senate_election; https://en.wikipedia.org/wiki/2020_Nevada_Senate_election; https://en.wikipedia.org/wiki/2018_Nevada_Senate_election,High-confidence Wikipedia candidate-party proximity match; verify against NV SOS official results.
2020,State Senate,Kristee Watson,Democratic,https://en.wikipedia.org/wiki/2022_Nevada_Senate_election; https://en.wikipedia.org/wiki/2020_Nevada_Senate_election; https://en.wikipedia.org/wiki/2018_Nevada_Senate_election,High-confidence Wikipedia candidate-party proximity match; verify against NV SOS official results.
2020,State Assembly,Richard S. Daly,,,
2020,State Assembly,Jill A. Dickman,,,
2020,State Assembly,Brent Foutz,Democratic,https://en.wikipedia.org/wiki/2020_Nevada_Assembly_election; https://en.wikipedia.org/wiki/2018_Nevada_Assembly_election,High-confidence Wikipedia candidate-party proximity match; verify against NV SOS official results.
2020,State Assembly,Bill Hoge,Independent American,https://en.wikipedia.org/wiki/2020_Nevada_Assembly_election; https://en.wikipedia.org/wiki/2018_Nevada_Assembly_election,High-confidence Wikipedia candidate-party proximity match; verify against NV SOS official results.
2020,State Assembly,Glen Leavitt,Republican,https://en.wikipedia.org/wiki/2020_Nevada_Assembly_election; https://en.wikipedia.org/wiki/2018_Nevada_Assembly_election,High-confidence Wikipedia candidate-party proximity match; verify against NV SOS official results.
2020,State Assembly,Deborah Chang,Democratic,https://en.wikipedia.org/wiki/2020_Nevada_Assembly_election; https://en.wikipedia.org/wiki/2018_Nevada_Assembly_election,High-confidence Wikipedia candidate-party proximity match; verify against NV SOS official results.
2020,State Assembly,Dave L. Jones,Libertarian,https://en.wikipedia.org/wiki/2020_Nevada_Assembly_election; https://en.wikipedia.org/wiki/2018_Nevada_Assembly_election,High-confidence Wikipedia candidate-party proximity match; verify against NV SOS official results.
2020,State Assembly,Jim Wheeler,,,
2020,State Senate,Roberta Lange,Democratic,https://en.wikipedia.org/wiki/2022_Nevada_Senate_election; https://en.wikipedia.org/wiki/2020_Nevada_Senate_election; https://en.wikipedia.org/wiki/2018_Nevada_Senate_election,High-confidence Wikipedia candidate-party proximity match; verify against NV SOS official results.
2020,State Senate,Patricia P. Spearman,Democratic,https://en.wikipedia.org/wiki/2022_Nevada_Senate_election; https://en.wikipedia.org/wiki/2020_Nevada_Senate_election; https://en.wikipedia.org/wiki/2018_Nevada_Senate_election,High-confidence single-party Wikipedia match for candidate name.
2020,State Senate,Esper M. Hickman,Republican,https://www.leg.state.nv.us/App/Legislator/A/Senate/81st2021/3; https://nevadagop.org/wp-content/uploads/2020/09/Clark-Republican-Candidate-Slate.pdf,Filled from source-backed candidate-party references (NV Legislature profile and NV GOP slate for district race); verify against NV SOS official canvass.
2020,State Senate,Dina Neal,Democratic,https://en.wikipedia.org/wiki/2022_Nevada_Senate_election; https://en.wikipedia.org/wiki/2020_Nevada_Senate_election; https://en.wikipedia.org/wiki/2018_Nevada_Senate_election,High-confidence Wikipedia candidate-party proximity match; verify against NV SOS official results.
2020,State Assembly,Thomas Roberts,,,
2020,State Senate,Joshua Dowden,Republican,https://en.wikipedia.org/wiki/2022_Nevada_Senate_election; https://en.wikipedia.org/wiki/2020_Nevada_Senate_election; https://en.wikipedia.org/wiki/2018_Nevada_Senate_election,High-confidence Wikipedia candidate-party proximity match; verify against NV SOS official results.
2020,State Senate,Dallas Harris,Democratic,https://en.wikipedia.org/wiki/2022_Nevada_Senate_election; https://en.wikipedia.org/wiki/2020_Nevada_Senate_election; https://en.wikipedia.org/wiki/2018_Nevada_Senate_election,High-confidence Wikipedia candidate-party proximity match; verify against NV SOS official results.
2020,State Assembly,John C. Ellison,,,
2020,State Assembly,Shea Backus,Democratic,https://en.wikipedia.org/wiki/2020_Nevada_Assembly_election; https://en.wikipedia.org/wiki/2018_Nevada_Assembly_election,High-confidence Wikipedia candidate-party proximity match; verify against NV SOS official results.
2020,State Assembly,Andy Matthews,Republican,https://en.wikipedia.org/wiki/2020_Nevada_Assembly_election; https://en.wikipedia.org/wiki/2018_Nevada_Assembly_election,High-confidence Wikipedia candidate-party proximity match; verify against NV SOS official results.
2020,State Assembly,Richard Mcarthur,Republican,https://en.wikipedia.org/wiki/2020_Nevada_Assembly_election; https://en.wikipedia.org/wiki/2018_Nevada_Assembly_election,High-confidence Wikipedia candidate-party proximity match; verify against NV SOS official results.
2020,State Assembly,Connie Munk,Democratic,https://en.wikipedia.org/wiki/2020_Nevada_Assembly_election; https://en.wikipedia.org/wiki/2018_Nevada_Assembly_election,High-confidence Wikipedia candidate-party proximity match; verify against NV SOS official results.
2020,State Assembly,Robin L. Titus,Democratic,https://en.wikipedia.org/wiki/2020_Nevada_Assembly_election; https://en.wikipedia.org/wiki/2018_Nevada_Assembly_election,High-confidence Wikipedia candidate-party proximity match; verify against NV SOS official results.
2020,State Assembly,Ann A. Black,,,
2020,State Assembly,Sarah Peters,Democratic,https://en.wikipedia.org/wiki/2020_Nevada_Assembly_election; https://en.wikipedia.org/wiki/2018_Nevada_Assembly_election,High-confidence Wikipedia candidate-party proximity match; verify against NV SOS official results.
2020,State Assembly,Sena Loyd,Democratic,https://en.wikipedia.org/wiki/2020_Nevada_Assembly_election; https://en.wikipedia.org/wiki/2018_Nevada_Assembly_election,High-confidence Wikipedia candidate-party proximity match; verify against NV SOS official results.
2020,State Assembly,Philip P. O'Neill,,,
2020,State Assembly,John C. Gerhardt,,,
2020,State Assembly,Jeremy A. Graves,,,
2020,State Assembly,Susan Martinez,,,
2020,State Assembly,Lesley E. Cohen,,,
2020,State Assembly,Steven E. Delisle,,,
2020,State Assembly,Melissa Hardy,Republican,https://en.wikipedia.org/wiki/2020_Nevada_Assembly_election; https://en.wikipedia.org/wiki/2018_Nevada_Assembly_election,High-confidence Wikipedia candidate-party proximity match; verify against NV SOS official results.
2020,State Assembly,Selena Torres,Democratic,https://en.wikipedia.org/wiki/2020_Nevada_Assembly_election; https://en.wikipedia.org/wiki/2018_Nevada_Assembly_election,High-confidence Wikipedia candidate-party proximity match; verify against NV SOS official results.
2020,State Assembly,Jonathan Friedrich,Independent American,https://en.wikipedia.org/wiki/2020_Nevada_Assembly_election; https://en.wikipedia.org/wiki/2018_Nevada_Assembly_election,High-confidence Wikipedia candidate-party proximity match; verify against NV SOS official results.
2020,State Assembly,Chris Hisgen,Republican,https://en.wikipedia.org/wiki/2020_Nevada_Assembly_election; https://en.wikipedia.org/wiki/2018_Nevada_Assembly_election,High-confidence Wikipedia candidate-party proximity match; verify against NV SOS official results.
2020,State Assembly,Rochelle Nguyen,Democratic,https://en.wikipedia.org/wiki/2020_Nevada_Assembly_election; https://en.wikipedia.org/wiki/2018_Nevada_Assembly_election,High-confidence Wikipedia candidate-party proximity match; verify against NV SOS official results.
2020,State Assembly,Jay Calhoun,Republican,https://en.wikipedia.org/wiki/2020_Nevada_Assembly_election; https://en.wikipedia.org/wiki/2018_Nevada_Assembly_election,High-confidence Wikipedia candidate-party proximity match; verify against NV SOS official results.
2020,State Assembly,Michelle Gorelow,Democratic,https://en.wikipedia.org/wiki/2020_Nevada_Assembly_election; https://en.wikipedia.org/wiki/2018_Nevada_Assembly_election,High-confidence Wikipedia candidate-party proximity match; verify against NV SOS official results.
2020,State Assembly,Jack Polcyn,Republican,https://en.wikipedia.org/wiki/2020_Nevada_Assembly_election; https://en.wikipedia.org/wiki/2018_Nevada_Assembly_election,High-confidence Wikipedia candidate-party proximity match; verify against NV SOS official results.
2020,State Assembly,Clara C. Thomas,Democratic,https://en.wikipedia.org/wiki/2020_Nevada_Assembly_election; https://en.wikipedia.org/wiki/2018_Nevada_Assembly_election,High-confidence Wikipedia candidate-party proximity match; verify against NV SOS official results.
2020,State Assembly,Shannon Bilbray-Axelrod,,,
2020,State Assembly,Jay T. Carlson,,,
2020,State Assembly,Heidi Kasama,Republican,https://en.wikipedia.org/wiki/2020_Nevada_Assembly_election; https://en.wikipedia.org/wiki/2018_Nevada_Assembly_election,High-confidence Wikipedia candidate-party proximity match; verify against NV SOS official results.
2020,State Assembly,Radhika R. Kunnel,Democratic,https://en.wikipedia.org/wiki/2020_Nevada_Assembly_election; https://en.wikipedia.org/wiki/2018_Nevada_Assembly_election,High-confidence Wikipedia candidate-party proximity match; verify against NV SOS official results.
2020,State Assembly,Garrett Leduff,,,
2020,State Assembly,Venicia Considine,Democratic,https://en.wikipedia.org/wiki/2020_Nevada_Assembly_election; https://en.wikipedia.org/wiki/2018_Nevada_Assembly_election,High-confidence Wikipedia candidate-party proximity match; verify against NV SOS official results.
2020,State Assembly,Heather A. Florian,,,
2020,State Assembly,Barbara Altman,Republican,https://en.wikipedia.org/wiki/2020_Nevada_Assembly_election; https://en.wikipedia.org/wiki/2018_Nevada_Assembly_election,High-confidence Wikipedia candidate-party proximity match; verify against NV SOS official results.
2020,State Assembly,Steve Yeager,,,
2020,State Assembly,Cecelia González,,,
2020,State Assembly,Reyna A. Sajdak,Republican,https://en.wikipedia.org/wiki/2020_Nevada_Assembly_election; https://en.wikipedia.org/wiki/2018_Nevada_Assembly_election,High-confidence Wikipedia candidate-party proximity match; verify against NV SOS official results.
2020,State Assembly,Stan Vaughan,Republican,https://en.wikipedia.org/wiki/2020_Nevada_Assembly_election; https://en.wikipedia.org/wiki/2018_Nevada_Assembly_election,High-confidence Wikipedia candidate-party proximity match; verify against NV SOS official results.
2020,State Assembly,Howard Watts,Democratic,https://en.wikipedia.org/wiki/2020_Nevada_Assembly_election; https://en.wikipedia.org/wiki/2018_Nevada_Assembly_election,High-confidence Wikipedia candidate-party proximity match; verify against NV SOS official results.
2020,State Assembly,Victoria K. Dacosta,,,
2020,State Assembly,Sandra Jauregui,Democratic,https://en.wikipedia.org/wiki/2020_Nevada_Assembly_election; https://en.wikipedia.org/wiki/2018_Nevada_Assembly_election,High-confidence Wikipedia candidate-party proximity match; verify against NV SOS official results.
2020,State Assembly,Erika Smith,Republican,https://en.wikipedia.org/wiki/2020_Nevada_Assembly_election; https://en.wikipedia.org/wiki/2018_Nevada_Assembly_election,High-confidence Wikipedia candidate-party proximity match; verify against NV SOS official results.
2020,State Assembly,Brittney Miller,Democratic,https://en.wikipedia.org/wiki/2020_Nevada_Assembly_election; https://en.wikipedia.org/wiki/2018_Nevada_Assembly_election,High-confidence Wikipedia candidate-party proximity match; verify against NV SOS official results.
2020,State Assembly,Mack Miller,Republican,https://en.wikipedia.org/wiki/2020_Nevada_Assembly_election; https://en.wikipedia.org/wiki/2018_Nevada_Assembly_election,High-confidence Wikipedia candidate-party proximity match; verify against NV SOS official results.
2020,State Assembly,Edward E. Facey,Republican,https://en.wikipedia.org/wiki/2020_Nevada_Assembly_election; https://en.wikipedia.org/wiki/2018_Nevada_Assembly_election,High-confidence Wikipedia candidate-party proximity match; verify against NV SOS official results.
2020,State Assembly,Jason Frierson,Democratic,https://en.wikipedia.org/wiki/2020_Nevada_Assembly_election; https://en.wikipedia.org/wiki/2018_Nevada_Assembly_election,High-confidence Wikipedia candidate-party proximity match; verify against NV SOS official results.
2020,State Assembly,Cherlyn Arrington,Republican,https://en.wikipedia.org/wiki/2020_Nevada_Assembly_election; https://en.wikipedia.org/wiki/2018_Nevada_Assembly_election,High-confidence Wikipedia candidate-party proximity match; verify against NV SOS official results.
2020,State Assembly,Elaine Marzola,Democratic,https://en.wikipedia.org/wiki/2020_Nevada_Assembly_election; https://en.wikipedia.org/wiki/2018_Nevada_Assembly_election,High-confidence Wikipedia candidate-party proximity match; verify against NV SOS official results.
2020,State Assembly,Cameron C. Miller,Democratic,https://en.wikipedia.org/wiki/2020_Nevada_Assembly_election; https://en.wikipedia.org/wiki/2018_Nevada_Assembly_election,High-confidence Wikipedia candidate-party proximity match; verify against NV SOS official results.
2020,State Assembly,Anthony T. Palmer,Republican,https://en.wikipedia.org/wiki/2020_Nevada_Assembly_election; https://en.wikipedia.org/wiki/2018_Nevada_Assembly_election,High-confidence Wikipedia candidate-party proximity match; verify against NV SOS official results.
2020,State Assembly,Katie Duncan,Republican,https://en.wikipedia.org/wiki/2020_Nevada_Assembly_election; https://en.wikipedia.org/wiki/2018_Nevada_Assembly_election,High-confidence Wikipedia candidate-party proximity match; verify against NV SOS official results.
2020,State Assembly,Shondra Summers-Armstrong,Democratic,https://en.wikipedia.org/wiki/2020_Nevada_Assembly_election; https://en.wikipedia.org/wiki/2018_Nevada_Assembly_election,High-confidence Wikipedia candidate-party proximity match; verify against NV SOS official results.
2020,State Assembly,David Orentlicher,Democratic,https://en.wikipedia.org/wiki/2020_Nevada_Assembly_election; https://en.wikipedia.org/wiki/2018_Nevada_Assembly_election,High-confidence Wikipedia candidate-party proximity match; verify against NV SOS official results.
2020,State Assembly,Alexander Assefa,Democratic,https://en.wikipedia.org/wiki/2020_Nevada_Assembly_election; https://en.wikipedia.org/wiki/2018_Nevada_Assembly_election,High-confidence Wikipedia candidate-party proximity match; verify against NV SOS official results.
2020,State Assembly,Liz Delsignore,Libertarian,https://en.wikipedia.org/wiki/2020_Nevada_Assembly_election; https://en.wikipedia.org/wiki/2018_Nevada_Assembly_election,High-confidence Wikipedia candidate-party proximity match; verify against NV SOS official results.
2020,State Assembly,Sayed S. Zaidi,,,
2020,State Assembly,Daniele Monroe-Moreno,Democratic,https://en.wikipedia.org/wiki/2020_Nevada_Assembly_election; https://en.wikipedia.org/wiki/2018_Nevada_Assembly_election,High-confidence Wikipedia candidate-party proximity match; verify against NV SOS official results.
2020,State Assembly,Beatrice Duran,,,
2020,State Assembly,Eric Krattiger,Republican,https://en.wikipedia.org/wiki/2020_Nevada_Assembly_election; https://en.wikipedia.org/wiki/2018_Nevada_Assembly_election,High-confidence Wikipedia candidate-party proximity match; verify against NV SOS official results.
2020,State Assembly,Maggie Carlton,Democratic,https://en.wikipedia.org/wiki/2020_Nevada_Assembly_election; https://en.wikipedia.org/wiki/2018_Nevada_Assembly_election,High-confidence Wikipedia candidate-party proximity match; verify against NV SOS official results.
2020,State Assembly,Robert Wayerski,Libertarian,https://en.wikipedia.org/wiki/2020_Nevada_Assembly_election; https://en.wikipedia.org/wiki/2018_Nevada_Assembly_election,High-confidence Wikipedia candidate-party proximity match; verify against NV SOS official results.
2020,State Assembly,Natasha Bousley,Libertarian,https://en.wikipedia.org/wiki/2020_Nevada_Assembly_election; https://en.wikipedia.org/wiki/2018_Nevada_Assembly_election,High-confidence Wikipedia candidate-party proximity match; verify against NV SOS official results.
2020,State Assembly,Edgar Flores,,,
2024,State Senate,John Ellison,Republican,https://en.wikipedia.org/wiki/2024_Nevada_Senate_election; https://en.wikipedia.org/wiki/2024_Nevada_Assembly_election,Strict candidate+single-party Wikipedia proximity match; verify against NV SOS official results.
2024,State Senate,Mike Ginsburg,Republican,https://en.wikipedia.org/wiki/2024_Nevada_Assembly_election; https://en.wikipedia.org/wiki/2024_Nevada_Senate_election,High-confidence Wikipedia candidate-party proximity match; verify against NV SOS official results.
2024,State Senate,Angela D. Taylor,Democratic,https://www.leg.state.nv.us/App/Legislator/A/Senate/current/19; https://www.leg.state.nv.us/App/Legislator/A/Senate/83rd2025/15; https://www.leg.state.nv.us/App/Legislator/A/Senate/83rd2025/7; https://www.leg.state.nv.us/App/Legislator/A/Senate/Current/4; https://www.leg.state.nv.us/App/Legislator/A/Senate/82nd2023/11,Filled from Nevada Legislature senator profile pages with explicit Party field.
2024,State Senate,Ronald R. Bilodeau,Democratic,https://www.humboldtcountynv.gov/DocumentCenter/View/7523/2024-General-Election-Statewide-List-of-Candidates,Nevada SOS 2024 General Election statewide list of candidates (county-hosted copy); party copied directly from source.
2024,State Senate,John Steinbeck,Republican,https://en.wikipedia.org/wiki/2024_Nevada_Senate_election; https://en.wikipedia.org/wiki/2024_Nevada_Assembly_election,Strict candidate+single-party Wikipedia proximity match; verify against NV SOS official results.
2024,State Assembly,Rich Delong,Republican,https://en.wikipedia.org/wiki/2024_Nevada_Assembly_election; https://en.wikipedia.org/wiki/2024_Nevada_Senate_election,High-confidence Wikipedia candidate-party proximity match; verify against NV SOS official results.
2024,State Assembly,Diane N. Sullivan,Democratic,https://www.humboldtcountynv.gov/DocumentCenter/View/7523/2024-General-Election-Statewide-List-of-Candidates,Nevada SOS 2024 General Election statewide list of candidates (county-hosted copy); party copied directly from source.
2024,State Assembly,Alexis M. Hansen,Republican,https://en.wikipedia.org/wiki/2024_Nevada_Assembly_election; https://en.wikipedia.org/wiki/2024_Nevada_Senate_election,High-confidence Wikipedia candidate-party proximity match; verify against NV SOS official results.
2024,State Assembly,Arnold W. Thomas,Democratic,https://en.wikipedia.org/wiki/2024_Nevada_Assembly_election; https://en.wikipedia.org/wiki/2024_Nevada_Senate_election,High-confidence Wikipedia candidate-party proximity match; verify against NV SOS official results.
2024,State Senate,Brent Howard,Republican,https://en.wikipedia.org/wiki/2024_Nevada_Assembly_election; https://en.wikipedia.org/wiki/2024_Nevada_Senate_election,High-confidence Wikipedia candidate-party proximity match; verify against NV SOS official results.
2024,State Senate,Keya K. Jones,No Political Party,https://www.humboldtcountynv.gov/DocumentCenter/View/7523/2024-General-Election-Statewide-List-of-Candidates,Nevada SOS 2024 General Election statewide list of candidates (county-hosted copy); party copied directly from source.
2024,State Senate,Rochelle Nguyen,Democratic,https://en.wikipedia.org/wiki/2024_Nevada_Senate_election; https://en.wikipedia.org/wiki/2024_Nevada_Assembly_election,Strict candidate+single-party Wikipedia proximity match; verify against NV SOS official results.
2024,State Assembly,Heather Goulding,Democratic,https://en.wikipedia.org/wiki/2024_Nevada_Assembly_election; https://en.wikipedia.org/wiki/2024_Nevada_Senate_election,High-confidence Wikipedia candidate-party proximity match; verify against NV SOS official results.
2024,State Assembly,Carmen Ortiz,Republican,https://en.wikipedia.org/wiki/2024_Nevada_Assembly_election; https://en.wikipedia.org/wiki/2024_Nevada_Senate_election,High-confidence Wikipedia candidate-party proximity match; verify against NV SOS official results.
2024,State Assembly,Darryl Baber,,,
2024,State Assembly,Bert K. Gurr,Republican,https://en.wikipedia.org/wiki/2024_Nevada_Assembly_election; https://en.wikipedia.org/wiki/2024_Nevada_Senate_election,High-confidence Wikipedia candidate-party proximity match; verify against NV SOS official results.
2024,State Assembly,Marlene Drake,Democratic,https://en.wikipedia.org/wiki/2024_Nevada_Assembly_election; https://en.wikipedia.org/wiki/2024_Nevada_Senate_election,High-confidence Wikipedia candidate-party proximity match; verify against NV SOS official results.
2024,State Assembly,"Ii, G. Hafen",Republican,https://www.humboldtcountynv.gov/DocumentCenter/View/7523/2024-General-Election-Statewide-List-of-Candidates,Nevada SOS 2024 General Election statewide list of candidates (county-hosted copy); party copied directly from source.
2024,State Assembly,Gregory S. Koenig,Republican,https://en.wikipedia.org/wiki/2024_Nevada_Assembly_election; https://en.wikipedia.org/wiki/2024_Nevada_Senate_election,High-confidence Wikipedia candidate-party proximity match; verify against NV SOS official results.
2024,State Assembly,Lisa Cole,Republican,https://en.wikipedia.org/wiki/2024_Nevada_Senate_election; https://en.wikipedia.org/wiki/2024_Nevada_Assembly_election,Strict candidate+single-party Wikipedia proximity match; verify against NV SOS official results.
2024,State Assembly,Ryan Hampton,Democratic,https://en.wikipedia.org/wiki/2024_Nevada_Assembly_election; https://en.wikipedia.org/wiki/2024_Nevada_Senate_election,High-confidence Wikipedia candidate-party proximity match; verify against NV SOS official results.
2024,State Senate,Brad L. Barnhill,Independent American,https://en.wikipedia.org/wiki/2024_Nevada_Senate_election; https://en.wikipedia.org/wiki/2024_Nevada_Assembly_election; https://www.leg.state.nv.us/Senate/Senators-and-Committees/,Conservative manual fill from high-confidence candidate identity and referenced election/member pages; verify against NV SOS official results.
2024,State Senate,Nicole J. Cannizzaro,Democratic,https://en.wikipedia.org/wiki/2024_Nevada_Assembly_election; https://en.wikipedia.org/wiki/2024_Nevada_Senate_election,High-confidence Wikipedia candidate-party proximity match; verify against NV SOS official results.
2024,State Senate,Jill M. Douglass,Republican,https://en.wikipedia.org/wiki/2024_Nevada_Assembly_election; https://en.wikipedia.org/wiki/2024_Nevada_Senate_election,High-confidence Wikipedia candidate-party proximity match; verify against NV SOS official results.
2024,State Assembly,Jill Dickman,Republican,https://en.wikipedia.org/wiki/2024_Nevada_Assembly_election; https://en.wikipedia.org/wiki/2024_Nevada_Senate_election,High-confidence Wikipedia candidate-party proximity match; verify against NV SOS official results.
2024,State Assembly,Stuart Mackie,Democratic,https://en.wikipedia.org/wiki/2024_Nevada_Assembly_election; https://en.wikipedia.org/wiki/2024_Nevada_Senate_election,High-confidence Wikipedia candidate-party proximity match; verify against NV SOS official results.
2024,State Assembly,Selena Laruehatch,Democratic,https://www.humboldtcountynv.gov/DocumentCenter/View/7523/2024-General-Election-Statewide-List-of-Candidates,Nevada SOS 2024 General Election statewide list of candidates (county-hosted copy); party copied directly from source.
2024,State Assembly,Diana Sande,Republican,https://www.humboldtcountynv.gov/DocumentCenter/View/7523/2024-General-Election-Statewide-List-of-Candidates,Nevada SOS 2024 General Election statewide list of candidates (county-hosted copy); party copied directly from source.
2024,State Senate,Leo Henderson,Republican,https://www.humboldtcountynv.gov/DocumentCenter/View/7523/2024-General-Election-Statewide-List-of-Candidates,Nevada SOS 2024 General Election statewide list of candidates (county-hosted copy); party copied directly from source.
2024,State Senate,Roberta Lange,Democratic,https://en.wikipedia.org/wiki/2024_Nevada_Senate_election; https://en.wikipedia.org/wiki/2024_Nevada_Assembly_election,Strict candidate+single-party Wikipedia proximity match; verify against NV SOS official results.
2024,State Assembly,Ken Gray,Republican,https://en.wikipedia.org/wiki/2024_Nevada_Assembly_election; https://en.wikipedia.org/wiki/2024_Nevada_Senate_election,High-confidence Wikipedia candidate-party proximity match; verify against NV SOS official results.
2024,State Assembly,Erich Obermayr,Democratic,https://en.wikipedia.org/wiki/2024_Nevada_Assembly_election; https://en.wikipedia.org/wiki/2024_Nevada_Senate_election,High-confidence Wikipedia candidate-party proximity match; verify against NV SOS official results.
2024,State Assembly,Danielle Gallant,Republican,https://en.wikipedia.org/wiki/2024_Nevada_Assembly_election; https://en.wikipedia.org/wiki/2024_Nevada_Senate_election,High-confidence Wikipedia candidate-party proximity match; verify against NV SOS official results.
2024,State Senate,Patricia Brinkley,Republican,https://en.wikipedia.org/wiki/2024_Nevada_Assembly_election; https://en.wikipedia.org/wiki/2024_Nevada_Senate_election,High-confidence Wikipedia candidate-party proximity match; verify against NV SOS official results.
2024,State Senate,Michelee S. Crawford,Democratic,https://www.humboldtcountynv.gov/DocumentCenter/View/7523/2024-General-Election-Statewide-List-of-Candidates,Nevada SOS 2024 General Election statewide list of candidates (county-hosted copy); party copied directly from source.
2024,State Assembly,Philip P. O'Neill,Republican,https://www.humboldtcountynv.gov/DocumentCenter/View/7523/2024-General-Election-Statewide-List-of-Candidates,Nevada SOS 2024 General Election statewide list of candidates (county-hosted copy); party copied directly from source.
2024,State Assembly,Katherine Ramsey,Democratic,https://en.wikipedia.org/wiki/2024_Nevada_Assembly_election; https://en.wikipedia.org/wiki/2024_Nevada_Senate_election,High-confidence Wikipedia candidate-party proximity match; verify against NV SOS official results.
2024,State Assembly,Michele Rizza,Republican,https://en.wikipedia.org/wiki/2024_Nevada_Assembly_election; https://en.wikipedia.org/wiki/2024_Nevada_Senate_election,High-confidence Wikipedia candidate-party proximity match; verify against NV SOS official results.
2024,State Assembly,Selena E. Torres,Democratic,https://www.humboldtcountynv.gov/DocumentCenter/View/7523/2024-General-Election-Statewide-List-of-Candidates,Nevada SOS 2024 General Election statewide list of candidates (county-hosted copy); party copied directly from source.
2024,State Assembly,Natha C. Anderson,Democratic,https://en.wikipedia.org/wiki/2024_Nevada_Assembly_election; https://en.wikipedia.org/wiki/2024_Nevada_Senate_election,High-confidence Wikipedia candidate-party proximity match; verify against NV SOS official results.
2024,State Senate,Jennifer Atlas,Democratic,https://en.wikipedia.org/wiki/2024_Nevada_Assembly_election; https://en.wikipedia.org/wiki/2024_Nevada_Senate_election,High-confidence Wikipedia candidate-party proximity match; verify against NV SOS official results.
2024,State Senate,Carrie A. Buck,Republican,https://en.wikipedia.org/wiki/2024_Nevada_Assembly_election; https://en.wikipedia.org/wiki/2024_Nevada_Senate_election,High-confidence Wikipedia candidate-party proximity match; verify against NV SOS official results.
2024,State Senate,Dina Neal,Democratic,https://en.wikipedia.org/wiki/2024_Nevada_Senate_election; https://en.wikipedia.org/wiki/2024_Nevada_Assembly_election,Strict candidate+single-party Wikipedia proximity match; verify against NV SOS official results.
2024,State Assembly,Thaddeus T. Yurek,Republican,https://www.humboldtcountynv.gov/DocumentCenter/View/7523/2024-General-Election-Statewide-List-of-Candidates,Nevada SOS 2024 General Election statewide list of candidates (county-hosted copy); party copied directly from source.
2024,State Assembly,Daniel Andrews,Democratic,https://en.wikipedia.org/wiki/2024_Nevada_Assembly_election; https://en.wikipedia.org/wiki/2024_Nevada_Senate_election,High-confidence Wikipedia candidate-party proximity match; verify against NV SOS official results.
2024,State Assembly,Brian Hibbetts,Republican,https://en.wikipedia.org/wiki/2024_Nevada_Assembly_election; https://en.wikipedia.org/wiki/2024_Nevada_Senate_election,High-confidence Wikipedia candidate-party proximity match; verify against NV SOS official results.
2024,State Assembly,Shea Backus,Democratic,https://en.wikipedia.org/wiki/2024_Nevada_Assembly_election; https://en.wikipedia.org/wiki/2024_Nevada_Senate_election,High-confidence Wikipedia candidate-party proximity match; verify against NV SOS official results.
2024,State Assembly,David Brog,Republican,https://en.wikipedia.org/wiki/2024_Nevada_Assembly_election; https://en.wikipedia.org/wiki/2024_Nevada_Senate_election,High-confidence Wikipedia candidate-party proximity match; verify against NV SOS official results.
2024,State Senate,Dallas Harris,Democratic,https://en.wikipedia.org/wiki/2024_Nevada_Senate_election; https://en.wikipedia.org/wiki/2024_Nevada_Assembly_election,Strict candidate+single-party Wikipedia proximity match; verify against NV SOS official results.
2024,State Senate,Lori Rogich,Republican,https://en.wikipedia.org/wiki/2024_Nevada_Assembly_election; https://en.wikipedia.org/wiki/2024_Nevada_Senate_election,High-confidence Wikipedia candidate-party proximity match; verify against NV SOS official results.
2024,State Assembly,Venise L. Karris,Democratic,https://en.wikipedia.org/wiki/2024_Nevada_Assembly_election; https://en.wikipedia.org/wiki/2024_Nevada_Senate_election,High-confidence Wikipedia candidate-party proximity match; verify against NV SOS official results.
2024,State Assembly,Sean Moore,Libertarian,https://en.wikipedia.org/wiki/2024_Nevada_Assembly_election; https://en.wikipedia.org/wiki/2024_Nevada_Senate_election,High-confidence Wikipedia candidate-party proximity match; verify against NV SOS official results.
2024,State Assembly,Linda F. Hunt,Democratic,https://en.wikipedia.org/wiki/2024_Nevada_Assembly_election; https://en.wikipedia.org/wiki/2024_Nevada_Senate_election,High-confidence Wikipedia candidate-party proximity match; verify against NV SOS official results.
2024,State Assembly,Robert J. Olson,Republican,https://en.wikipedia.org/wiki/2024_Nevada_Assembly_election; https://en.wikipedia.org/wiki/2024_Nevada_Senate_election,High-confidence Wikipedia candidate-party proximity match; verify against NV SOS official results.
2024,State Assembly,Jovan A. Jackson,Democratic,https://www.humboldtcountynv.gov/DocumentCenter/View/7523/2024-General-Election-Statewide-List-of-Candidates,Nevada SOS 2024 General Election statewide list of candidates (county-hosted copy); party copied directly from source.
2024,State Assembly,"Iii, W. Jones",No Political Party,https://www.humboldtcountynv.gov/DocumentCenter/View/7523/2024-General-Election-Statewide-List-of-Candidates,Nevada SOS 2024 General Election statewide list of candidates (county-hosted copy); party copied directly from source.
2024,State Assembly,Nephi K. Oliva,Republican,https://www.humboldtcountynv.gov/DocumentCenter/View/7523/2024-General-Election-Statewide-List-of-Candidates,Nevada SOS 2024 General Election statewide list of candidates (county-hosted copy); party copied directly from source.
2024,State Assembly,Antario T. Brown,Republican,https://www.humboldtcountynv.gov/DocumentCenter/View/7523/2024-General-Election-Statewide-List-of-Candidates,Nevada SOS 2024 General Election statewide list of candidates (county-hosted copy); party copied directly from source.
2024,State Assembly,Venicia Considine,Democratic,https://en.wikipedia.org/wiki/2024_Nevada_Assembly_election; https://en.wikipedia.org/wiki/2024_Nevada_Senate_election,High-confidence Wikipedia candidate-party proximity match; verify against NV SOS official results.
2024,State Assembly,Terisia T. Kolesnick,Republican,https://www.humboldtcountynv.gov/DocumentCenter/View/7523/2024-General-Election-Statewide-List-of-Candidates,Nevada SOS 2024 General Election statewide list of candidates (county-hosted copy); party copied directly from source.
2024,State Assembly,Erica Roth,Democratic,https://en.wikipedia.org/wiki/2024_Nevada_Senate_election; https://en.wikipedia.org/wiki/2024_Nevada_Assembly_election,Strict candidate+single-party Wikipedia proximity match; verify against NV SOS official results.
2024,State Assembly,April Arndt,Republican,https://en.wikipedia.org/wiki/2024_Nevada_Assembly_election; https://en.wikipedia.org/wiki/2024_Nevada_Senate_election,High-confidence Wikipedia candidate-party proximity match; verify against NV SOS official results.
2024,State Assembly,Elaine Marzola,Democratic,https://en.wikipedia.org/wiki/2024_Nevada_Assembly_election; https://en.wikipedia.org/wiki/2024_Nevada_Senate_election,High-confidence Wikipedia candidate-party proximity match; verify against NV SOS official results.
2024,State Assembly,"Ii, M. Carter",Democratic,https://www.humboldtcountynv.gov/DocumentCenter/View/7523/2024-General-Election-Statewide-List-of-Candidates,Nevada SOS 2024 General Election statewide list of candidates (county-hosted copy); party copied directly from source.
2024,State Assembly,Nancy S. Roecker,Republican,https://en.wikipedia.org/wiki/2024_Nevada_Assembly_election; https://en.wikipedia.org/wiki/2024_Nevada_Senate_election,High-confidence Wikipedia candidate-party proximity match; verify against NV SOS official results.
2024,State Assembly,Jordy Prado,Libertarian,https://www.humboldtcountynv.gov/DocumentCenter/View/7523/2024-General-Election-Statewide-List-of-Candidates,Nevada SOS 2024 General Election statewide list of candidates (county-hosted copy); party copied directly from source.
2024,State Assembly,Melissa L. Spence,Republican,https://www.humboldtcountynv.gov/DocumentCenter/View/7523/2024-General-Election-Statewide-List-of-Candidates,Nevada SOS 2024 General Election statewide list of candidates (county-hosted copy); party copied directly from source.
2024,State Assembly,Howard Watts,Democratic,https://en.wikipedia.org/wiki/2024_Nevada_Assembly_election; https://en.wikipedia.org/wiki/2024_Nevada_Senate_election,High-confidence Wikipedia candidate-party proximity match; verify against NV SOS official results.
2024,State Assembly,David Orentlicher,Democratic,https://en.wikipedia.org/wiki/2024_Nevada_Assembly_election; https://en.wikipedia.org/wiki/2024_Nevada_Senate_election,High-confidence Wikipedia candidate-party proximity match; verify against NV SOS official results.
2024,State Assembly,Stan Vaughan,Republican,https://en.wikipedia.org/wiki/2024_Nevada_Assembly_election; https://en.wikipedia.org/wiki/2024_Nevada_Senate_election,High-confidence Wikipedia candidate-party proximity match; verify against NV SOS official results.
2024,State Assembly,Joe Dalia,Democratic,https://en.wikipedia.org/wiki/2024_Nevada_Senate_election; https://en.wikipedia.org/wiki/2024_Nevada_Assembly_election,Strict candidate+single-party Wikipedia proximity match; verify against NV SOS official results.
2024,State Assembly,Annette D. Owens,Republican,https://www.humboldtcountynv.gov/DocumentCenter/View/7523/2024-General-Election-Statewide-List-of-Candidates,Nevada SOS 2024 General Election statewide list of candidates (county-hosted copy); party copied directly from source.
2024,State Assembly,Rafael Arroyo,Republican,https://en.wikipedia.org/wiki/2024_Nevada_Assembly_election; https://en.wikipedia.org/wiki/2024_Nevada_Senate_election,High-confidence Wikipedia candidate-party proximity match; verify against NV SOS official results.
2024,State Assembly,Sandra Jauregui,Democratic,https://en.wikipedia.org/wiki/2024_Nevada_Assembly_election; https://en.wikipedia.org/wiki/2024_Nevada_Senate_election,High-confidence Wikipedia candidate-party proximity match; verify against NV SOS official results.
2024,State Assembly,Garland Brinkley,Republican,https://en.wikipedia.org/wiki/2024_Nevada_Assembly_election; https://en.wikipedia.org/wiki/2024_Nevada_Senate_election,High-confidence Wikipedia candidate-party proximity match; verify against NV SOS official results.
2024,State Assembly,Daniele Monroe-Moreno,Democratic,https://en.wikipedia.org/wiki/2024_Nevada_Assembly_election; https://en.wikipedia.org/wiki/2024_Nevada_Senate_election,High-confidence Wikipedia candidate-party proximity match; verify against NV SOS official results.
2024,State Assembly,Cecelia Gonzalez,Democratic,https://www.humboldtcountynv.gov/DocumentCenter/View/7523/2024-General-Election-Statewide-List-of-Candidates,Nevada SOS 2024 General Election statewide list of candidates (county-hosted copy); party copied directly from source.
2024,State Assembly,James W. Neville,Republican,https://www.humboldtcountynv.gov/DocumentCenter/View/7523/2024-General-Election-Statewide-List-of-Candidates,Nevada SOS 2024 General Election statewide list of candidates (county-hosted copy); party copied directly from source.
2024,State Assembly,Jose Pena,Libertarian,https://en.wikipedia.org/wiki/2024_Nevada_Assembly_election; https://en.wikipedia.org/wiki/2024_Nevada_Senate_election,High-confidence Wikipedia candidate-party proximity match; verify against NV SOS official results.
2024,State Assembly,Reuben D'Silva,Democratic,https://en.wikipedia.org/wiki/2024_Nevada_Assembly_election; https://en.wikipedia.org/wiki/2024_Nevada_Senate_election,High-confidence Wikipedia candidate-party proximity match; verify against NV SOS official results.
2024,State Assembly,Melissa Hardy,Republican,https://en.wikipedia.org/wiki/2024_Nevada_Assembly_election; https://en.wikipedia.org/wiki/2024_Nevada_Senate_election,High-confidence Wikipedia candidate-party proximity match; verify against NV SOS official results.
2024,State Assembly,Tracy Brown-May,Democratic,https://en.wikipedia.org/wiki/2024_Nevada_Assembly_election; https://en.wikipedia.org/wiki/2024_Nevada_Senate_election,High-confidence Wikipedia candidate-party proximity match; verify against NV SOS official results.
2024,State Assembly,Kevin L. Child,Republican,https://en.wikipedia.org/wiki/2024_Nevada_Assembly_election; https://en.wikipedia.org/wiki/2024_Nevada_Senate_election,High-confidence Wikipedia candidate-party proximity match; verify against NV SOS official results.
2024,State Assembly,Brandon Davis,,,
2024,State Assembly,Hanadi Nadeem,Democratic,https://en.wikipedia.org/wiki/2024_Nevada_Senate_election; https://en.wikipedia.org/wiki/2024_Nevada_Assembly_election,Strict candidate+single-party Wikipedia proximity match; verify against NV SOS official results.
2024,State Assembly,Heidi Kasama,Republican,https://en.wikipedia.org/wiki/2024_Nevada_Assembly_election; https://en.wikipedia.org/wiki/2024_Nevada_Senate_election,High-confidence Wikipedia candidate-party proximity match; verify against NV SOS official results.
2024,State Assembly,Ron Nelsen,Democratic,https://www.humboldtcountynv.gov/DocumentCenter/View/7523/2024-General-Election-Statewide-List-of-Candidates,Nevada SOS 2024 General Election statewide list of candidates (county-hosted copy); party copied directly from source.
2024,State Assembly,Erica Mosca,Democratic,https://en.wikipedia.org/wiki/2024_Nevada_Assembly_election; https://en.wikipedia.org/wiki/2024_Nevada_Senate_election,High-confidence Wikipedia candidate-party proximity match; verify against NV SOS official results.
2024,State Assembly,Brittney M. Miller,Democratic,https://en.wikipedia.org/wiki/2024_Nevada_Assembly_election; https://en.wikipedia.org/wiki/2024_Nevada_Senate_election,High-confidence Wikipedia candidate-party proximity match; verify against NV SOS official results.
2024,State Assembly,Ronald Morgan,Libertarian,https://en.wikipedia.org/wiki/2024_Nevada_Assembly_election; https://en.wikipedia.org/wiki/2024_Nevada_Senate_election,High-confidence Wikipedia candidate-party proximity match; verify against NV SOS official results.
2024,State Assembly,Kelly Quinn,Republican,https://en.wikipedia.org/wiki/2024_Nevada_Assembly_election; https://en.wikipedia.org/wiki/2024_Nevada_Senate_election,High-confidence Wikipedia candidate-party proximity match; verify against NV SOS official results.
2024,State Assembly,Jeffrey A. Lustick,Republican,https://en.wikipedia.org/wiki/2024_Nevada_Assembly_election; https://en.wikipedia.org/wiki/2024_Nevada_Senate_election,High-confidence Wikipedia candidate-party proximity match; verify against NV SOS official results.
2024,State Assembly,Cinthia Moore,Democratic,https://en.wikipedia.org/wiki/2024_Nevada_Assembly_election; https://en.wikipedia.org/wiki/2024_Nevada_Senate_election,High-confidence Wikipedia candidate-party proximity match; verify against NV SOS official results.
2024,State Assembly,Erica A. Neely,Republican,https://en.wikipedia.org/wiki/2024_Nevada_Assembly_election; https://en.wikipedia.org/wiki/2024_Nevada_Senate_election,High-confidence Wikipedia candidate-party proximity match; verify against NV SOS official results.
2024,State Assembly,Steve Yeager,Democratic,https://en.wikipedia.org/wiki/2024_Nevada_Assembly_election; https://en.wikipedia.org/wiki/2024_Nevada_Senate_election,High-confidence Wikipedia candidate-party proximity match; verify against NV SOS official results.
2024,State Assembly,Rebecca Edgeworth,Republican,https://en.wikipedia.org/wiki/2024_Nevada_Senate_election; https://en.wikipedia.org/wiki/2024_Nevada_Assembly_election,Strict candidate+single-party Wikipedia proximity match; verify against NV SOS official results.
2024,State Assembly,Sharifa Wahab,Democratic,https://en.wikipedia.org/wiki/2024_Nevada_Assembly_election; https://en.wikipedia.org/wiki/2024_Nevada_Senate_election,High-confidence Wikipedia candidate-party proximity match; verify against NV SOS official results.
2024,State Assembly,Kelly Chapman,Republican,https://en.wikipedia.org/wiki/2024_Nevada_Assembly_election; https://en.wikipedia.org/wiki/2024_Nevada_Senate_election,High-confidence Wikipedia candidate-party proximity match; verify against NV SOS official results.
2024,State Assembly,Duy Nguyen,Democratic,https://en.wikipedia.org/wiki/2024_Nevada_Assembly_election; https://en.wikipedia.org/wiki/2024_Nevada_Senate_election,High-confidence Wikipedia candidate-party proximity match; verify against NV SOS official results.
2024,State Assembly,Tanya Flanagan,Democratic,https://en.wikipedia.org/wiki/2024_Nevada_Assembly_election; https://en.wikipedia.org/wiki/2024_Nevada_Senate_election,High-confidence Wikipedia candidate-party proximity match; verify against NV SOS official results.
