geoid20,neutral_id,assign_method,top_share
32015000004,2,overlap_full,1.0000000000
32015000006,2,overlap_split,0.9999985320
32015000007,2,overlap_full,1.0000000000
32015000005,2,overlap_full,1.0000000000
32015000008,2,overlap_full,1.0000000000
32015000009,2,overlap_full,1.0000000000
32015000002,2,overlap_full,1.0000000000
32015000003,2,overlap_full,1.0000000000
32015000001,2,overlap_full,1.0000000000
32031009126,2,overlap_full,1.0000000000
32003001386,3,overlap_full,1.0000000000
32003006713,3,overlap_full,1.0000000000
32003004635,1,overlap_split,0.9986080754
32003007528,3,overlap_full,1.0000000000
32003003826,4,overlap_full,1.0000000000
32003007695,3,overlap_full,1.0000000000
32003003727,4,overlap_full,1.0000000000
32003004522,1,overlap_full,1.0000000000
32003002486,4,overlap_full,1.0000000000
32003003733,4,overlap_full,1.0000000000
32003007545,3,overlap_full,1.0000000000
32003006681,4,overlap_full,1.0000000000
32003002726,4,overlap_full,1.0000000000
32003006708,4,overlap_full,1.0000000000
32003002722,1,overlap_full,1.0000000000
32003006732,3,overlap_full,1.0000000000
32003002732,4,overlap_full,1.0000000000
32003002711,4,overlap_full,1.0000000000
32003005564,1,overlap_full,1.0000000000
32003007652,3,overlap_full,1.0000000000
32003002503,1,overlap_split,0.9999797237
32003003702,4,overlap_full,1.0000000000
32003007504,3,overlap_split,0.9999066982
32003007615,3,overlap_full,1.0000000000
32003001712,3,overlap_full,1.0000000000
32003003722,4,overlap_full,1.0000000000
32003006643,4,overlap_full,1.0000000000
32003007502,1,overlap_split,0.9999420777
32003003708,4,overlap_full,1.0000000000
32003007530,3,overlap_full,1.0000000000
32003003765,4,overlap_full,1.0000000000
32003007674,3,overlap_full,1.0000000000
32003002721,1,overlap_full,1.0000000000
32003004616,1,overlap_full,1.0000000000
32003007500,3,overlap_full,1.0000000000
32003003782,4,overlap_full,1.0000000000
32003001612,4,overlap_full,1.0000000000
32003001903,3,overlap_full,1.0000000000
32003006666,3,overlap_full,1.0000000000
32003005578,1,overlap_full,1.0000000000
32003004562,1,overlap_full,1.0000000000
32003006486,3,overlap_split,0.9999952013
32003002907,1,overlap_full,1.0000000000
32003006721,3,overlap_full,1.0000000000
32003002725,4,overlap_full,1.0000000000
32003003852,4,overlap_full,1.0000000000
32003004501,1,overlap_full,1.0000000000
32003005512,1,overlap_full,1.0000000000
32003007594,3,overlap_full,1.0000000000
32003003729,4,overlap_full,1.0000000000
32003002692,4,overlap_full,1.0000000000
32003002724,1,overlap_full,1.0000000000
32003003707,4,overlap_full,1.0000000000
32003004552,1,overlap_full,1.0000000000
32003007507,3,overlap_full,1.0000000000
32003004652,1,overlap_full,1.0000000000
32003006734,3,overlap_split,0.9999991869
32003007625,3,overlap_full,1.0000000000
32003007603,3,overlap_full,1.0000000000
32003007605,3,overlap_full,1.0000000000
32003004500,1,overlap_full,1.0000000000
32003001651,3,overlap_split,0.9999928070
32003002660,4,overlap_split,0.9999865949
32003003755,4,overlap_full,1.0000000000
32003003807,4,overlap_full,1.0000000000
32003001618,3,overlap_full,1.0000000000
32003002729,1,overlap_full,1.0000000000
32003001692,3,overlap_full,1.0000000000
32003003783,4,overlap_full,1.0000000000
32003006685,4,overlap_split,0.9999064168
32003003866,4,overlap_full,1.0000000000
32003003815,4,overlap_full,1.0000000000
32003002737,1,overlap_full,1.0000000000
32003007672,3,overlap_full,1.0000000000
32003002976,1,overlap_full,1.0000000000
32003006751,3,overlap_full,1.0000000000
32003001704,3,overlap_full,1.0000000000
32003002624,4,overlap_full,1.0000000000
32003003749,4,overlap_full,1.0000000000
32003007574,3,overlap_full,1.0000000000
32003002676,4,overlap_full,1.0000000000
32003003906,4,overlap_full,1.0000000000
32003006738,4,overlap_split,0.9999980147
32003007562,3,overlap_full,1.0000000000
32003007724,3,overlap_full,1.0000000000
32003007684,3,overlap_full,1.0000000000
32003001750,3,overlap_full,1.0000000000
32003002605,4,overlap_full,1.0000000000
32003003763,4,overlap_full,1.0000000000
32003006601,4,overlap_full,1.0000000000
32003001711,3,overlap_full,1.0000000000
32003007632,3,overlap_full,1.0000000000
32003003750,4,overlap_full,1.0000000000
32003001613,4,overlap_full,1.0000000000
32003004641,1,overlap_full,1.0000000000
32003001644,3,overlap_full,1.0000000000
32003002654,4,overlap_split,0.9999989484
32003005583,1,overlap_full,1.0000000000
32003006720,3,overlap_full,1.0000000000
32003002978,4,overlap_split,0.9997758604
32003004642,1,overlap_full,1.0000000000
32003003804,4,overlap_full,1.0000000000
32003007703,3,overlap_full,1.0000000000
32003007663,3,overlap_full,1.0000000000
32003004611,1,overlap_full,1.0000000000
32003007732,3,overlap_full,1.0000000000
32003005568,1,overlap_full,1.0000000000
32003006703,4,overlap_full,1.0000000000
32003002606,1,overlap_split,0.9999587887
32003002631,4,overlap_full,1.0000000000
32003002691,4,overlap_full,1.0000000000
32003003823,4,overlap_full,1.0000000000
32003001681,3,overlap_full,1.0000000000
32003002612,4,overlap_full,1.0000000000
32003003902,4,overlap_split,1.0000000000
32003001553,3,overlap_full,1.0000000000
32003006611,4,overlap_full,1.0000000000
32003006649,3,overlap_full,1.0000000000
32003002602,4,overlap_full,1.0000000000
32003002616,1,overlap_full,1.0000000000
32003005575,1,overlap_full,1.0000000000
32003007642,3,overlap_full,1.0000000000
32003002681,4,overlap_full,1.0000000000
32003006614,4,overlap_full,1.0000000000
32003003801,4,overlap_split,0.9999752234
32003005614,1,overlap_full,1.0000000000
32003006671,4,overlap_full,1.0000000000
32003007730,3,overlap_full,1.0000000000
32003007692,3,overlap_full,1.0000000000
32003001722,3,overlap_full,1.0000000000
32003007704,3,overlap_full,1.0000000000
32003003760,4,overlap_full,1.0000000000
32003006664,4,overlap_full,1.0000000000
32003004615,1,overlap_full,1.0000000000
32003003831,4,overlap_full,1.0000000000
32003003775,4,overlap_full,1.0000000000
32003005585,1,overlap_full,1.0000000000
32003003719,4,overlap_full,1.0000000000
32003007503,1,overlap_split,0.9997168392
32003002775,4,overlap_full,1.0000000000
32003006625,4,overlap_full,1.0000000000
32003007623,3,overlap_full,1.0000000000
32003007714,3,overlap_full,1.0000000000
32003005623,1,overlap_split,0.9996709615
32003006711,1,overlap_full,1.0000000000
32003005603,3,overlap_full,1.0000000000
32003001603,4,overlap_full,1.0000000000
32003005531,1,overlap_full,1.0000000000
32003002704,4,overlap_full,1.0000000000
32003003787,4,overlap_full,1.0000000000
32003005524,1,overlap_full,1.0000000000
32003002633,4,overlap_full,1.0000000000
32003007675,3,overlap_full,1.0000000000
32003005598,1,overlap_full,1.0000000000
32003003812,4,overlap_full,1.0000000000
32003004540,1,overlap_full,1.0000000000
32003001614,4,overlap_full,1.0000000000
32003003736,4,overlap_full,1.0000000000
32003003802,4,overlap_full,1.0000000000
32003002662,4,overlap_split,0.9999689695
32003002951,1,overlap_full,1.0000000000
32003005330,1,overlap_full,1.0000000000
32003005521,1,overlap_full,1.0000000000
32003001655,3,overlap_split,0.9999919416
32003001624,4,overlap_full,1.0000000000
32003003751,4,overlap_full,1.0000000000
32003004543,1,overlap_full,1.0000000000
32003002706,4,overlap_full,1.0000000000
32003007720,3,overlap_full,1.0000000000
32003006914,3,overlap_full,1.0000000000
32003003737,4,overlap_full,1.0000000000
32003001929,3,overlap_full,1.0000000000
32003003776,4,overlap_full,1.0000000000
32003003875,4,overlap_full,1.0000000000
32003003777,4,overlap_full,1.0000000000
32003002683,4,overlap_full,1.0000000000
32003006617,4,overlap_full,1.0000000000
32003004606,1,overlap_full,1.0000000000
32003003731,4,overlap_full,1.0000000000
32003002685,4,overlap_full,1.0000000000
32003004572,1,overlap_full,1.0000000000
32003002977,4,overlap_full,1.0000000000
32003003714,4,overlap_full,1.0000000000
32003001912,3,overlap_full,1.0000000000
32003003580,4,overlap_full,1.0000000000
32003003581,4,overlap_full,1.0000000000
32003001543,3,overlap_full,1.0000000000
32003001905,3,overlap_full,1.0000000000
32003002920,4,overlap_full,1.0000000000
32003002969,1,overlap_full,1.0000000000
32003006605,4,overlap_full,1.0000000000
32003004902,1,overlap_full,1.0000000000
32003007920,3,overlap_full,1.0000000000
32003003915,4,overlap_full,1.0000000000
32003005604,3,overlap_split,0.9997566335
32003003990,4,overlap_full,1.0000000000
32003003785,4,overlap_full,1.0000000000
32003005616,1,overlap_full,1.0000000000
32003002600,4,overlap_full,1.0000000000
32003003586,4,overlap_full,1.0000000000
32003005571,1,overlap_full,1.0000000000
32003005536,1,overlap_full,1.0000000000
32003006735,3,overlap_split,0.9992115294
32003006610,3,overlap_full,1.0000000000
32003004637,1,overlap_full,1.0000000000
32003002713,1,overlap_full,1.0000000000
32003007533,3,overlap_split,0.9998273788
32003006653,4,overlap_full,1.0000000000
32003005545,1,overlap_full,1.0000000000
32003003726,4,overlap_full,1.0000000000
32003005654,3,overlap_full,1.0000000000
32003002487,4,overlap_full,1.0000000000
32003007575,3,overlap_full,1.0000000000
32003006728,4,overlap_full,1.0000000000
32003003767,4,overlap_full,1.0000000000
32003004650,1,overlap_full,1.0000000000
32003007552,3,overlap_full,1.0000000000
32003001719,3,overlap_full,1.0000000000
32003001673,3,overlap_full,1.0000000000
32003005650,3,overlap_full,1.0000000000
32003006635,4,overlap_full,1.0000000000
32003005632,3,overlap_full,1.0000000000
32003003769,4,overlap_full,1.0000000000
32003004598,1,overlap_full,1.0000000000
32003005596,1,overlap_full,1.0000000000
32003003752,4,overlap_full,1.0000000000
32003004583,1,overlap_full,1.0000000000
32003002608,4,overlap_full,1.0000000000
32003002643,4,overlap_full,1.0000000000
32003007591,3,overlap_full,1.0000000000
32003007570,3,overlap_full,1.0000000000
32003001616,4,overlap_split,0.9997436837
32003005584,1,overlap_full,1.0000000000
32003004581,1,overlap_full,1.0000000000
32003004604,1,overlap_full,1.0000000000
32003006695,4,overlap_full,1.0000000000
32003005621,1,overlap_full,1.0000000000
32003007733,3,overlap_full,1.0000000000
32003001602,4,overlap_full,1.0000000000
32003003824,4,overlap_split,0.9993234055
32003005653,3,overlap_full,1.0000000000
32003007661,3,overlap_full,1.0000000000
32003004903,1,overlap_full,1.0000000000
32003003766,4,overlap_full,1.0000000000
32003003800,4,overlap_full,1.0000000000
32003007923,3,overlap_full,1.0000000000
32003007912,3,overlap_full,1.0000000000
32003002651,4,overlap_full,1.0000000000
32003005593,3,overlap_split,0.6865311952
32003006642,4,overlap_full,1.0000000000
32003002972,1,overlap_full,1.0000000000
32003002736,1,overlap_full,1.0000000000
32003001619,3,overlap_full,1.0000000000
32003004582,1,overlap_full,1.0000000000
32003005502,3,overlap_split,0.9979015513
32003004566,1,overlap_full,1.0000000000
32003007573,3,overlap_full,1.0000000000
32003006652,4,overlap_full,1.0000000000
32003002684,4,overlap_full,1.0000000000
32003002746,1,overlap_full,1.0000000000
32003007506,3,overlap_full,1.0000000000
32003002738,1,overlap_full,1.0000000000
32003004511,1,overlap_full,1.0000000000
32003007590,3,overlap_full,1.0000000000
32003006633,4,overlap_full,1.0000000000
32003005615,1,overlap_full,1.0000000000
32003002733,1,overlap_full,1.0000000000
32003005533,1,overlap_full,1.0000000000
32003005613,1,overlap_full,1.0000000000
32003005592,3,overlap_split,0.9987264682
32003005612,1,overlap_full,1.0000000000
32003005560,1,overlap_split,0.9998398304
32003004434,1,overlap_full,1.0000000000
32003004523,1,overlap_full,1.0000000000
32003002702,4,overlap_split,0.9999999777
32003003988,4,overlap_full,1.0000000000
32003003725,4,overlap_full,1.0000000000
32003003917,4,overlap_full,1.0000000000
32003001601,4,overlap_full,1.0000000000
32003006656,3,overlap_full,1.0000000000
32003005643,3,overlap_full,1.0000000000
32003001662,4,overlap_full,1.0000000000
32003003734,4,overlap_full,1.0000000000
32003005542,1,overlap_full,1.0000000000
32003007581,3,overlap_full,1.0000000000
32003007529,3,overlap_full,1.0000000000
32003003739,4,overlap_full,1.0000000000
32003001608,3,overlap_full,1.0000000000
32003005591,1,overlap_split,0.9224035907
32003006683,4,overlap_full,1.0000000000
32003001611,4,overlap_full,1.0000000000
32003002934,1,overlap_full,1.0000000000
32003004599,1,overlap_full,1.0000000000
32003007553,3,overlap_full,1.0000000000
32003002634,4,overlap_full,1.0000000000
32003002700,4,overlap_full,1.0000000000
32003007926,3,overlap_full,1.0000000000
32003005617,1,overlap_full,1.0000000000
32003002671,4,overlap_full,1.0000000000
32003001915,3,overlap_full,1.0000000000
32003001604,4,overlap_full,1.0000000000
32003004536,1,overlap_full,1.0000000000
32003003808,4,overlap_full,1.0000000000
32003006608,4,overlap_split,0.9999395040
32003002743,1,overlap_full,1.0000000000
32003006715,3,overlap_full,1.0000000000
32003006604,4,overlap_full,1.0000000000
32003006707,4,overlap_full,1.0000000000
32003007662,3,overlap_full,1.0000000000
32003002682,4,overlap_full,1.0000000000
32003001679,3,overlap_full,1.0000000000
32003004529,1,overlap_full,1.0000000000
32003003790,4,overlap_full,1.0000000000
32003003715,4,overlap_full,1.0000000000
32003002911,1,overlap_full,1.0000000000
32003003741,4,overlap_full,1.0000000000
32003003704,4,overlap_full,1.0000000000
32003007584,3,overlap_full,1.0000000000
32003004508,1,overlap_split,0.9998510650
32003007722,3,overlap_full,1.0000000000
32003001605,4,overlap_full,1.0000000000
32003005553,1,overlap_full,1.0000000000
32003003743,4,overlap_full,1.0000000000
32003002673,4,overlap_full,1.0000000000
32003004645,1,overlap_full,1.0000000000
32003002488,4,overlap_full,1.0000000000
32003001664,4,overlap_split,0.9999246156
32003005501,1,overlap_full,1.0000000000
32003003832,4,overlap_split,0.9996309066
32003006613,3,overlap_full,1.0000000000
32003003612,4,overlap_full,1.0000000000
32003002645,4,overlap_full,1.0000000000
32003007508,3,overlap_full,1.0000000000
32003006631,4,overlap_full,1.0000000000
32003001928,3,overlap_full,1.0000000000
32003006714,3,overlap_full,1.0000000000
32003002693,4,overlap_full,1.0000000000
32003005641,3,overlap_full,1.0000000000
32003003744,4,overlap_full,1.0000000000
32003004527,1,overlap_full,1.0000000000
32003007665,3,overlap_full,1.0000000000
32003006658,3,overlap_full,1.0000000000
32003006655,4,overlap_full,1.0000000000
32003007593,3,overlap_full,1.0000000000
32003004530,1,overlap_full,1.0000000000
32003003905,4,overlap_full,1.0000000000
32003001687,3,overlap_full,1.0000000000
32003005622,1,overlap_full,1.0000000000
32003006651,4,overlap_full,1.0000000000
32003004636,1,overlap_full,1.0000000000
32003005579,1,overlap_full,1.0000000000
32003003788,4,overlap_full,1.0000000000
32003004563,1,overlap_full,1.0000000000
32003003578,4,overlap_full,1.0000000000
32003001615,4,overlap_full,1.0000000000
32003007563,3,overlap_full,1.0000000000
32003003881,4,overlap_full,1.0000000000
32003002709,4,overlap_full,1.0000000000
32003007906,3,overlap_full,1.0000000000
32003003759,4,overlap_full,1.0000000000
32003003854,4,overlap_full,1.0000000000
32003006609,3,overlap_full,1.0000000000
32003005634,3,overlap_split,0.9987539014
32003006691,4,overlap_full,1.0000000000
32003005511,1,overlap_full,1.0000000000
32003006739,3,overlap_full,1.0000000000
32003002914,1,overlap_full,1.0000000000
32003007715,3,overlap_full,1.0000000000
32003006654,4,overlap_full,1.0000000000
32003003803,4,overlap_full,1.0000000000
32003007515,3,overlap_full,1.0000000000
32003006644,4,overlap_full,1.0000000000
32003001643,1,overlap_split,0.9990912129
32003007531,3,overlap_full,1.0000000000
32003004574,1,overlap_full,1.0000000000
32003001694,3,overlap_full,1.0000000000
32003002489,1,overlap_full,1.0000000000
32003003863,4,overlap_full,1.0000000000
32003007707,3,overlap_full,1.0000000000
32003001623,4,overlap_full,1.0000000000
32003003822,4,overlap_full,1.0000000000
32003001924,3,overlap_full,1.0000000000
32003007701,3,overlap_full,1.0000000000
32003005541,1,overlap_split,0.9999974117
32003002696,4,overlap_full,1.0000000000
32003001917,3,overlap_full,1.0000000000
32003005904,1,overlap_full,1.0000000000
32003003583,4,overlap_full,1.0000000000
32003004573,1,overlap_full,1.0000000000
32003002625,4,overlap_full,1.0000000000
32003003747,4,overlap_full,1.0000000000
32003003582,4,overlap_full,1.0000000000
32003002665,4,overlap_full,1.0000000000
32003003712,4,overlap_full,1.0000000000
32003002974,1,overlap_full,1.0000000000
32003003825,4,overlap_full,1.0000000000
32003003910,4,overlap_full,1.0000000000
32003003585,4,overlap_full,1.0000000000
32003005500,1,overlap_full,1.0000000000
32003002919,1,overlap_full,1.0000000000
32003003730,4,overlap_full,1.0000000000
32003006694,4,overlap_full,1.0000000000
32003001067,3,overlap_full,1.0000000000
32003002916,1,overlap_split,0.9999851406
32003001732,3,overlap_full,1.0000000000
32003003609,4,overlap_full,1.0000000000
32003003728,4,overlap_full,1.0000000000
32003003740,4,overlap_full,1.0000000000
32003004592,1,overlap_full,1.0000000000
32003007550,3,overlap_full,1.0000000000
32003007726,3,overlap_full,1.0000000000
32003004634,1,overlap_split,0.9999999989
32003004505,1,overlap_full,1.0000000000
32003003605,4,overlap_full,1.0000000000
32003001653,4,overlap_split,0.9999767945
32003001606,3,overlap_full,1.0000000000
32003002727,4,overlap_full,1.0000000000
32003003964,4,overlap_full,1.0000000000
32003002776,4,overlap_full,1.0000000000
32003001609,3,overlap_full,1.0000000000
32003007551,3,overlap_full,1.0000000000
32003001672,3,overlap_full,1.0000000000
32003001695,3,overlap_full,1.0000000000
32003003795,4,overlap_split,0.9996531474
32003006686,4,overlap_split,0.9999275194
32003002644,4,overlap_full,1.0000000000
32003005649,3,overlap_full,1.0000000000
32003001675,3,overlap_full,1.0000000000
32003001641,4,overlap_split,0.9997328192
32003002445,1,overlap_full,1.0000000000
32003007702,3,overlap_full,1.0000000000
32003002478,4,overlap_full,1.0000000000
32003006632,4,overlap_full,1.0000000000
32003002745,1,overlap_full,1.0000000000
32003004502,1,overlap_full,1.0000000000
32003005565,1,overlap_full,1.0000000000
32003001671,3,overlap_full,1.0000000000
32003001633,4,overlap_full,1.0000000000
32003002653,4,overlap_full,1.0000000000
32003001677,3,overlap_full,1.0000000000
32003006737,4,overlap_split,0.5242588757
32003004554,1,overlap_full,1.0000000000
32003007554,3,overlap_full,1.0000000000
32003006716,3,overlap_full,1.0000000000
32003001670,3,overlap_full,1.0000000000
32003007534,1,overlap_split,0.9993015351
32003005566,1,overlap_full,1.0000000000
32003002720,1,overlap_full,1.0000000000
32003003992,4,overlap_full,1.0000000000
32003005543,1,overlap_full,1.0000000000
32003002609,1,overlap_full,1.0000000000
32003003584,4,overlap_full,1.0000000000
32003007541,1,overlap_split,0.9998571667
32003007622,3,overlap_full,1.0000000000
32003003710,4,overlap_full,1.0000000000
32003003701,4,overlap_full,1.0000000000
32003006700,4,overlap_full,1.0000000000
32003005642,3,overlap_full,1.0000000000
32003003853,4,overlap_full,1.0000000000
32003003843,4,overlap_full,1.0000000000
32003003833,4,overlap_split,0.9999975807
32003005503,1,overlap_split,0.9997583577
32003002930,4,overlap_full,1.0000000000
32003006600,3,overlap_full,1.0000000000
32003003989,4,overlap_full,1.0000000000
32003007713,3,overlap_full,1.0000000000
32003002623,4,overlap_full,1.0000000000
32003003771,4,overlap_full,1.0000000000
32003002675,4,overlap_full,1.0000000000
32003003717,4,overlap_full,1.0000000000
32003006702,4,overlap_full,1.0000000000
32003004568,1,overlap_full,1.0000000000
32003007734,3,overlap_full,1.0000000000
32003005595,3,overlap_full,1.0000000000
32003001684,3,overlap_full,1.0000000000
32003006729,4,overlap_full,1.0000000000
32003003753,4,overlap_full,1.0000000000
32003005554,1,overlap_full,1.0000000000
32003007526,3,overlap_full,1.0000000000
32003002646,4,overlap_full,1.0000000000
32003005644,3,overlap_full,1.0000000000
32003003908,4,overlap_full,1.0000000000
32003003735,4,overlap_full,1.0000000000
32003002946,4,overlap_full,1.0000000000
32003002640,4,overlap_full,1.0000000000
32003002703,4,overlap_full,1.0000000000
32003002694,4,overlap_full,1.0000000000
32003003821,4,overlap_full,1.0000000000
32003002927,4,overlap_full,1.0000000000
32003003796,4,overlap_full,1.0000000000
32003003579,4,overlap_full,1.0000000000
32003003738,4,overlap_full,1.0000000000
32003007523,3,overlap_full,1.0000000000
32003003993,4,overlap_full,1.0000000000
32003006675,4,overlap_full,1.0000000000
32003007671,3,overlap_full,1.0000000000
32003004549,1,overlap_full,1.0000000000
32003001674,3,overlap_full,1.0000000000
32003005525,1,overlap_full,1.0000000000
32003006733,3,overlap_split,0.9999179679
32003002751,1,overlap_full,1.0000000000
32003004638,1,overlap_full,1.0000000000
32003004623,1,overlap_split,0.9999742892
32003006673,4,overlap_full,1.0000000000
32003006468,3,overlap_full,1.0000000000
32003004643,1,overlap_full,1.0000000000
32003003784,4,overlap_full,1.0000000000
32003002742,1,overlap_full,1.0000000000
32003002695,4,overlap_full,1.0000000000
32003007723,3,overlap_full,1.0000000000
32003003606,4,overlap_full,1.0000000000
32003005552,1,overlap_full,1.0000000000
32003004513,1,overlap_full,1.0000000000
32003004569,1,overlap_full,1.0000000000
32003002615,4,overlap_full,1.0000000000
32003004531,1,overlap_full,1.0000000000
32003005532,1,overlap_split,0.9963974551
32003007582,3,overlap_full,1.0000000000
32003001682,3,overlap_full,1.0000000000
32003006753,3,overlap_full,1.0000000000
32003003748,4,overlap_full,1.0000000000
32003002622,4,overlap_full,1.0000000000
32003002666,1,overlap_split,0.9996554155
32003003720,4,overlap_full,1.0000000000
32003002661,4,overlap_split,0.9999743063
32003004597,1,overlap_full,1.0000000000
32003001665,3,overlap_split,0.9988498183
32003004559,1,overlap_full,1.0000000000
32003004547,1,overlap_full,1.0000000000
32003007555,3,overlap_full,1.0000000000
32003002715,1,overlap_full,1.0000000000
32003007571,3,overlap_full,1.0000000000
32003005620,1,overlap_full,1.0000000000
32003005625,3,overlap_full,1.0000000000
32003002917,1,overlap_full,1.0000000000
32003006712,3,overlap_full,1.0000000000
32003005577,1,overlap_full,1.0000000000
32003001925,3,overlap_full,1.0000000000
32003004613,1,overlap_full,1.0000000000
32003003855,4,overlap_split,0.9999678293
32003002710,4,overlap_full,1.0000000000
32003005522,1,overlap_full,1.0000000000
32003003809,4,overlap_full,1.0000000000
32003002674,4,overlap_full,1.0000000000
32003005569,1,overlap_split,0.9997768825
32003003773,4,overlap_full,1.0000000000
32003006727,4,overlap_full,1.0000000000
32003004602,1,overlap_full,1.0000000000
32003003721,4,overlap_full,1.0000000000
32003003814,4,overlap_full,1.0000000000
32003004541,1,overlap_full,1.0000000000
32003001693,3,overlap_full,1.0000000000
32003003758,4,overlap_full,1.0000000000
32003007685,3,overlap_full,1.0000000000
32003007592,3,overlap_full,1.0000000000
32003002975,4,overlap_full,1.0000000000
32003006722,4,overlap_full,1.0000000000
32003004551,1,overlap_full,1.0000000000
32003006710,1,overlap_full,1.0000000000
32003002770,4,overlap_split,0.9999885531
32003001717,3,overlap_full,1.0000000000
32003006606,4,overlap_full,1.0000000000
32003004546,1,overlap_full,1.0000000000
32003002717,1,overlap_full,1.0000000000
32003005567,1,overlap_full,1.0000000000
32003005562,1,overlap_full,1.0000000000
32003002632,4,overlap_full,1.0000000000
32003007536,3,overlap_full,1.0000000000
32003006752,3,overlap_full,1.0000000000
32003004586,1,overlap_full,1.0000000000
32003006667,3,overlap_full,1.0000000000
32003003791,4,overlap_split,0.9998764862
32003006615,4,overlap_full,1.0000000000
32003001922,3,overlap_full,1.0000000000
32003007731,3,overlap_full,1.0000000000
32003007542,3,overlap_full,1.0000000000
32003004565,1,overlap_full,1.0000000000
32003007501,1,overlap_full,1.0000000000
32003004585,1,overlap_full,1.0000000000
32003007602,3,overlap_full,1.0000000000
32003003792,4,overlap_split,0.9999501387
32003006607,4,overlap_full,1.0000000000
32003006718,3,overlap_full,1.0000000000
32003004507,1,overlap_full,1.0000000000
32003004584,1,overlap_full,1.0000000000
32003003841,4,overlap_full,1.0000000000
32003004560,1,overlap_full,1.0000000000
32003007512,3,overlap_full,1.0000000000
32003003700,4,overlap_full,1.0000000000
32003007693,3,overlap_full,1.0000000000
32003007611,3,overlap_full,1.0000000000
32003004548,1,overlap_full,1.0000000000
32003003757,4,overlap_full,1.0000000000
32003004567,1,overlap_full,1.0000000000
32003007705,3,overlap_full,1.0000000000
32003002652,4,overlap_full,1.0000000000
32003002611,4,overlap_full,1.0000000000
32003002501,4,overlap_split,0.9999999905
32003001668,3,overlap_full,1.0000000000
32003005573,1,overlap_full,1.0000000000
32003005903,1,overlap_full,1.0000000000
32003007745,3,overlap_full,1.0000000000
32003002723,4,overlap_full,1.0000000000
32003005537,1,overlap_full,1.0000000000
32003005588,1,overlap_full,1.0000000000
32003003706,4,overlap_full,1.0000000000
32003001634,4,overlap_split,0.7590795545
32003007522,3,overlap_full,1.0000000000
32003004510,1,overlap_full,1.0000000000
32003002971,1,overlap_full,1.0000000000
32003002904,1,overlap_full,1.0000000000
32003005586,1,overlap_full,1.0000000000
32003001685,3,overlap_full,1.0000000000
32003004557,1,overlap_full,1.0000000000
32003001691,3,overlap_full,1.0000000000
32003005635,1,overlap_split,0.9999816603
32003002436,1,overlap_full,1.0000000000
32003007525,3,overlap_full,1.0000000000
32003007509,1,overlap_split,0.6761613716
32003007535,3,overlap_split,0.9996882189
32003003844,4,overlap_full,1.0000000000
32003005581,1,overlap_full,1.0000000000
32003007651,3,overlap_full,1.0000000000
32003003780,4,overlap_full,1.0000000000
32003006692,4,overlap_full,1.0000000000
32003001632,4,overlap_full,1.0000000000
32003001683,3,overlap_full,1.0000000000
32003002604,4,overlap_full,1.0000000000
32003007653,3,overlap_full,1.0000000000
32003007643,3,overlap_full,1.0000000000
32003007595,3,overlap_full,1.0000000000
32003001718,3,overlap_full,1.0000000000
32003003703,4,overlap_full,1.0000000000
32003004514,1,overlap_full,1.0000000000
32003003608,4,overlap_full,1.0000000000
32003006719,3,overlap_full,1.0000000000
32003007645,3,overlap_full,1.0000000000
32003005534,1,overlap_full,1.0000000000
32003005523,1,overlap_full,1.0000000000
32003005652,3,overlap_split,0.9983899784
32003006621,4,overlap_full,1.0000000000
32003006661,4,overlap_full,1.0000000000
32003006693,4,overlap_full,1.0000000000
32003006648,3,overlap_full,1.0000000000
32003004555,1,overlap_full,1.0000000000
32003004621,1,overlap_full,1.0000000000
32003001923,3,overlap_full,1.0000000000
32003006726,4,overlap_full,1.0000000000
32003003705,4,overlap_full,1.0000000000
32003006612,4,overlap_split,0.9988482124
32003002650,4,overlap_split,0.9999732121
32003004577,1,overlap_full,1.0000000000
32003001680,3,overlap_full,1.0000000000
32003005576,1,overlap_full,1.0000000000
32003001940,3,overlap_full,1.0000000000
32003006730,4,overlap_full,1.0000000000
32003001921,3,overlap_full,1.0000000000
32003003545,4,overlap_full,1.0000000000
32003007654,3,overlap_full,1.0000000000
32003005594,3,overlap_split,0.9999149295
32003005636,1,overlap_split,0.9998657910
32003001720,3,overlap_full,1.0000000000
32003006731,3,overlap_full,1.0000000000
32003002399,1,overlap_full,1.0000000000
32003005513,1,overlap_full,1.0000000000
32003004614,1,overlap_full,1.0000000000
32003007743,3,overlap_full,1.0000000000
32003003772,4,overlap_full,1.0000000000
32003005582,1,overlap_full,1.0000000000
32003002672,4,overlap_split,0.9998850526
32003003723,4,overlap_full,1.0000000000
32003006704,4,overlap_full,1.0000000000
32003004651,1,overlap_full,1.0000000000
32003002664,4,overlap_full,1.0000000000
32003003732,4,overlap_full,1.0000000000
32003004594,1,overlap_full,1.0000000000
32003007524,3,overlap_full,1.0000000000
32003004603,1,overlap_full,1.0000000000
32003002635,4,overlap_full,1.0000000000
32003007585,3,overlap_full,1.0000000000
32003003724,4,overlap_full,1.0000000000
32003007691,3,overlap_full,1.0000000000
32003004528,1,overlap_full,1.0000000000
32003003834,4,overlap_full,1.0000000000
32003001669,3,overlap_full,1.0000000000
32003003770,4,overlap_full,1.0000000000
32003004590,1,overlap_full,1.0000000000
32003004535,1,overlap_full,1.0000000000
32003006709,4,overlap_full,1.0000000000
32003002740,1,overlap_full,1.0000000000
32003003756,4,overlap_full,1.0000000000
32003002621,4,overlap_full,1.0000000000
32003005624,3,overlap_split,0.9999389625
32003007564,3,overlap_full,1.0000000000
32003003813,4,overlap_full,1.0000000000
32003002714,1,overlap_full,1.0000000000
32003006549,3,overlap_full,1.0000000000
32003007683,3,overlap_full,1.0000000000
32003007569,3,overlap_full,1.0000000000
32003002735,1,overlap_full,1.0000000000
32003005587,1,overlap_full,1.0000000000
32003007612,3,overlap_full,1.0000000000
32003007561,3,overlap_full,1.0000000000
32003007513,3,overlap_full,1.0000000000
32003003761,4,overlap_full,1.0000000000
32003003607,4,overlap_full,1.0000000000
32003001631,4,overlap_full,1.0000000000
32003006724,3,overlap_full,1.0000000000
32003003742,4,overlap_full,1.0000000000
32003003912,4,overlap_full,1.0000000000
32003001751,3,overlap_full,1.0000000000
32003007681,3,overlap_full,1.0000000000
32003005906,1,overlap_split,0.9996174407
32003007682,3,overlap_full,1.0000000000
32003007641,3,overlap_full,1.0000000000
32003004596,1,overlap_full,1.0000000000
32003003806,4,overlap_full,1.0000000000
32003005633,3,overlap_full,1.0000000000
32003001676,3,overlap_full,1.0000000000
32003002716,1,overlap_full,1.0000000000
32003005631,3,overlap_split,0.9999453348
32003001645,3,overlap_split,0.9997704946
32003004561,1,overlap_full,1.0000000000
32003007644,3,overlap_full,1.0000000000
32003003789,4,overlap_full,1.0000000000
32003006657,3,overlap_full,1.0000000000
32003003745,4,overlap_full,1.0000000000
32003007572,3,overlap_full,1.0000000000
32003003774,4,overlap_full,1.0000000000
32003002906,1,overlap_full,1.0000000000
32003003716,4,overlap_full,1.0000000000
32003001678,3,overlap_full,1.0000000000
32003004309,1,overlap_full,1.0000000000
32003005555,1,overlap_full,1.0000000000
32003005601,3,overlap_full,1.0000000000
32003001686,3,overlap_full,1.0000000000
32003001727,3,overlap_full,1.0000000000
32003001688,3,overlap_full,1.0000000000
32003003762,4,overlap_full,1.0000000000
32003001621,4,overlap_full,1.0000000000
32003006622,4,overlap_full,1.0000000000
32003006706,1,overlap_split,0.9995186263
32003001642,1,overlap_split,0.9998914737
32003002613,4,overlap_full,1.0000000000
32003007604,3,overlap_full,1.0000000000
32003002603,4,overlap_full,1.0000000000
32003005412,1,overlap_full,1.0000000000
32003001661,4,overlap_full,1.0000000000
32003003786,4,overlap_full,1.0000000000
32003001713,3,overlap_full,1.0000000000
32003001753,3,overlap_full,1.0000000000
32003004593,1,overlap_full,1.0000000000
32003005515,1,overlap_full,1.0000000000
32003001652,3,overlap_split,0.9391665155
32003004633,1,overlap_split,0.9998391971
32003007601,3,overlap_full,1.0000000000
32003004526,1,overlap_full,1.0000000000
32003007706,3,overlap_full,1.0000000000
32003007634,3,overlap_full,1.0000000000
32003006705,1,overlap_full,1.0000000000
32003004525,1,overlap_full,1.0000000000
32003003754,4,overlap_full,1.0000000000
32003003851,4,overlap_full,1.0000000000
32003004550,1,overlap_full,1.0000000000
32003002614,4,overlap_full,1.0000000000
32003004504,1,overlap_full,1.0000000000
32003004532,1,overlap_full,1.0000000000
32003005651,3,overlap_full,1.0000000000
32003003711,4,overlap_full,1.0000000000
32003007505,3,overlap_full,1.0000000000
32003002641,4,overlap_full,1.0000000000
32003003907,4,overlap_full,1.0000000000
32003003845,4,overlap_full,1.0000000000
32003007624,3,overlap_full,1.0000000000
32003007521,3,overlap_full,1.0000000000
32003002601,4,overlap_full,1.0000000000
32003003805,4,overlap_full,1.0000000000
32003006663,4,overlap_full,1.0000000000
32003003713,4,overlap_full,1.0000000000
32003006674,4,overlap_full,1.0000000000
32003001309,3,overlap_full,1.0000000000
32003005505,1,overlap_full,1.0000000000
32003004605,1,overlap_full,1.0000000000
32003003709,4,overlap_full,1.0000000000
32003001702,3,overlap_full,1.0000000000
32003007635,3,overlap_full,1.0000000000
32003007633,3,overlap_full,1.0000000000
32003002730,1,overlap_full,1.0000000000
32003002642,4,overlap_full,1.0000000000
32003006684,4,overlap_full,1.0000000000
32003001689,3,overlap_full,1.0000000000
32003007694,3,overlap_full,1.0000000000
32003004612,1,overlap_full,1.0000000000
32003002701,4,overlap_split,0.9999379661
32003005580,1,overlap_full,1.0000000000
32003004553,1,overlap_full,1.0000000000
32003007664,3,overlap_full,1.0000000000
32003004512,1,overlap_full,1.0000000000
32003002734,1,overlap_full,1.0000000000
32003005572,1,overlap_full,1.0000000000
32003002663,4,overlap_full,1.0000000000
32003006725,3,overlap_full,1.0000000000
32003005570,1,overlap_full,1.0000000000
32003007613,3,overlap_full,1.0000000000
32003003794,4,overlap_full,1.0000000000
32003002973,1,overlap_full,1.0000000000
32003005589,1,overlap_full,1.0000000000
32003003613,4,overlap_full,1.0000000000
32003003864,4,overlap_full,1.0000000000
32003007532,3,overlap_full,1.0000000000
32003005597,1,overlap_full,1.0000000000
32003007631,3,overlap_full,1.0000000000
32003002752,1,overlap_full,1.0000000000
32003002705,4,overlap_full,1.0000000000
32003003764,4,overlap_full,1.0000000000
32003002731,4,overlap_full,1.0000000000
32003007614,3,overlap_full,1.0000000000
32003004506,1,overlap_full,1.0000000000
32003005504,1,overlap_full,1.0000000000
32003006665,4,overlap_full,1.0000000000
32003001715,3,overlap_full,1.0000000000
32003001721,3,overlap_full,1.0000000000
32003002655,4,overlap_full,1.0000000000
32003001617,4,overlap_split,0.9999809997
32003001625,4,overlap_full,1.0000000000
32003006634,4,overlap_full,1.0000000000
32003002607,1,overlap_full,1.0000000000
32003003610,4,overlap_full,1.0000000000
32003005544,1,overlap_full,1.0000000000
32003003746,4,overlap_full,1.0000000000
32003004556,1,overlap_full,1.0000000000
32003002617,1,overlap_full,1.0000000000
32003001635,4,overlap_split,0.9993900981
32003001926,3,overlap_full,1.0000000000
32003005574,1,overlap_full,1.0000000000
32003004601,1,overlap_full,1.0000000000
32003007583,3,overlap_full,1.0000000000
32003001703,3,overlap_full,1.0000000000
32003006645,4,overlap_full,1.0000000000
32003006662,4,overlap_full,1.0000000000
32003003768,4,overlap_full,1.0000000000
32003006672,4,overlap_full,1.0000000000
32003006723,4,overlap_full,1.0000000000
32003004591,1,overlap_full,1.0000000000
32003001607,3,overlap_full,1.0000000000
32003006736,4,overlap_full,1.0000000000
32003003718,4,overlap_full,1.0000000000
32003007511,3,overlap_full,1.0000000000
32003003811,4,overlap_full,1.0000000000
32003002353,4,overlap_full,1.0000000000
32003007543,3,overlap_split,0.9998682311
32003007712,3,overlap_full,1.0000000000
32003006602,4,overlap_full,1.0000000000
32003003842,4,overlap_full,1.0000000000
32003004571,1,overlap_full,1.0000000000
32003003991,4,overlap_full,1.0000000000
32003005535,1,overlap_full,1.0000000000
32003006701,4,overlap_full,1.0000000000
32003007527,3,overlap_full,1.0000000000
32003004564,1,overlap_full,1.0000000000
32003007514,3,overlap_split,0.9991674921
32003005506,1,overlap_full,1.0000000000
32017000236,4,overlap_full,1.0000000000
32017000233,4,overlap_full,1.0000000000
32031008292,2,overlap_full,1.0000000000
32031007584,2,overlap_full,1.0000000000
32031007315,2,overlap_full,1.0000000000
32031006527,2,overlap_full,1.0000000000
32031005066,2,overlap_full,1.0000000000
32031007318,2,overlap_full,1.0000000000
32031006218,2,overlap_full,1.0000000000
32031009249,2,overlap_full,1.0000000000
32031006318,2,overlap_full,1.0000000000
32031009123,2,overlap_full,1.0000000000
32031009129,2,overlap_full,1.0000000000
32031006522,2,overlap_full,1.0000000000
32031009547,2,overlap_full,1.0000000000
32031002074,2,overlap_full,1.0000000000
32031003039,2,overlap_full,1.0000000000
32031009550,2,overlap_full,1.0000000000
32031006217,2,overlap_full,1.0000000000
32031002078,2,overlap_full,1.0000000000
32031009131,2,overlap_full,1.0000000000
32031001059,2,overlap_full,1.0000000000
32031009549,2,overlap_full,1.0000000000
32031002073,2,overlap_full,1.0000000000
32031006525,2,overlap_full,1.0000000000
32031007579,2,overlap_full,1.0000000000
32031003008,2,overlap_full,1.0000000000
32031007581,2,overlap_full,1.0000000000
32031007312,2,overlap_full,1.0000000000
32031009125,2,overlap_full,1.0000000000
32031009560,2,overlap_full,1.0000000000
32031007573,2,overlap_full,1.0000000000
32031003040,2,overlap_full,1.0000000000
32031005005,2,overlap_full,1.0000000000
32031001008,2,overlap_full,1.0000000000
32031008297,2,overlap_full,1.0000000000
32031007582,2,overlap_full,1.0000000000
32031007576,2,overlap_full,1.0000000000
32031007313,2,overlap_full,1.0000000000
32031002062,2,overlap_full,1.0000000000
32031004053,2,overlap_full,1.0000000000
32031009128,2,overlap_full,1.0000000000
32031009541,2,overlap_full,1.0000000000
32031004040,2,overlap_full,1.0000000000
32031009548,2,overlap_full,1.0000000000
32031009130,2,overlap_full,1.0000000000
32031009308,2,overlap_full,1.0000000000
32031007583,2,overlap_full,1.0000000000
32031007317,2,overlap_full,1.0000000000
32031007574,2,overlap_full,1.0000000000
32031004052,2,overlap_full,1.0000000000
32031009540,2,overlap_full,1.0000000000
32031006414,2,overlap_full,1.0000000000
32031008290,2,overlap_full,1.0000000000
32031003025,2,overlap_full,1.0000000000
32031002070,2,overlap_full,1.0000000000
32031008400,2,overlap_full,1.0000000000
32031001058,2,overlap_full,1.0000000000
32031006427,2,overlap_full,1.0000000000
32031007572,2,overlap_full,1.0000000000
32031007585,2,overlap_full,1.0000000000
32031009558,2,overlap_full,1.0000000000
32031009562,2,overlap_full,1.0000000000
32031007591,2,overlap_full,1.0000000000
32031004055,2,overlap_full,1.0000000000
32031007571,2,overlap_full,1.0000000000
32031009559,2,overlap_full,1.0000000000
32031002064,2,overlap_full,1.0000000000
32031007319,2,overlap_full,1.0000000000
32031002081,2,overlap_full,1.0000000000
32031007589,2,overlap_full,1.0000000000
32031007587,2,overlap_full,1.0000000000
32031007316,2,overlap_full,1.0000000000
32031004054,2,overlap_full,1.0000000000
32031009254,2,overlap_full,1.0000000000
32031002019,2,overlap_full,1.0000000000
32031007431,2,overlap_full,1.0000000000
32031007578,2,overlap_full,1.0000000000
32031009311,2,overlap_full,1.0000000000
32031009553,2,overlap_full,1.0000000000
32031009551,2,overlap_full,1.0000000000
32031006524,2,overlap_full,1.0000000000
32031005064,2,overlap_full,1.0000000000
32031001011,2,overlap_full,1.0000000000
32031006214,2,overlap_full,1.0000000000
32031005063,2,overlap_full,1.0000000000
32031007588,2,overlap_full,1.0000000000
32031007321,2,overlap_full,1.0000000000
32031007586,2,overlap_full,1.0000000000
32031006521,2,overlap_full,1.0000000000
32031008294,2,overlap_full,1.0000000000
32031003023,2,overlap_full,1.0000000000
32031004051,2,overlap_full,1.0000000000
32031006528,2,overlap_full,1.0000000000
32031006216,2,overlap_full,1.0000000000
32031008291,2,overlap_full,1.0000000000
32031009561,2,overlap_full,1.0000000000
32031006115,2,overlap_full,1.0000000000
32031009542,2,overlap_full,1.0000000000
32031009427,2,overlap_full,1.0000000000
32031009554,2,overlap_full,1.0000000000
32031009557,2,overlap_full,1.0000000000
32031009124,2,overlap_full,1.0000000000
32031005065,2,overlap_full,1.0000000000
32031009428,2,overlap_full,1.0000000000
32031009546,2,overlap_full,1.0000000000
32031006530,2,overlap_full,1.0000000000
32031006320,2,overlap_full,1.0000000000
32031009555,2,overlap_full,1.0000000000
32031009309,2,overlap_full,1.0000000000
32031006319,2,overlap_full,1.0000000000
32031007577,2,overlap_full,1.0000000000
32031009543,2,overlap_full,1.0000000000
32031001061,2,overlap_full,1.0000000000
32031006529,2,overlap_full,1.0000000000
32031004056,2,overlap_full,1.0000000000
32031007570,2,overlap_full,1.0000000000
32031007569,2,overlap_full,1.0000000000
32031009248,2,overlap_full,1.0000000000
32031006526,2,overlap_full,1.0000000000
32031006531,2,overlap_full,1.0000000000
32031002065,2,overlap_full,1.0000000000
32031003030,2,overlap_full,1.0000000000
32031008505,2,overlap_full,1.0000000000
32031005003,2,overlap_full,1.0000000000
32031007314,2,overlap_full,1.0000000000
32031006523,2,overlap_full,1.0000000000
32031003027,2,overlap_full,1.0000000000
32031006114,2,overlap_full,1.0000000000
32031006213,2,overlap_full,1.0000000000
32031009310,2,overlap_full,1.0000000000
32031009251,2,overlap_full,1.0000000000
32031002068,2,overlap_full,1.0000000000
32031002080,2,overlap_full,1.0000000000
32031009127,2,overlap_full,1.0000000000
32031009253,2,overlap_full,1.0000000000
32031009552,2,overlap_full,1.0000000000
32031001015,2,overlap_full,1.0000000000
32003003611,4,overlap_full,1.0000000000
32003003994,4,overlap_full,1.0000000000
32003003995,4,overlap_full,1.0000000000
32011000003,2,overlap_full,1.0000000000
32011000002,2,overlap_split,0.9999991906
32011000004,2,overlap_full,1.0000000000
32011000001,2,overlap_full,1.0000000000
32510000113,2,overlap_full,1.0000000000
32510000107,2,overlap_full,1.0000000000
32510000111,2,overlap_full,1.0000000000
32510000105,2,overlap_full,1.0000000000
32510000101,2,overlap_full,1.0000000000
32510000109,2,overlap_full,1.0000000000
32510000103,2,overlap_full,1.0000000000
32510000303,2,overlap_full,1.0000000000
32510000405,2,overlap_full,1.0000000000
32510000409,2,overlap_full,1.0000000000
32510000307,2,overlap_full,1.0000000000
32510000407,2,overlap_full,1.0000000000
32510000211,2,overlap_full,1.0000000000
32510000209,2,overlap_full,1.0000000000
32510000411,2,overlap_full,1.0000000000
32510000203,2,overlap_full,1.0000000000
32510000207,2,overlap_full,1.0000000000
32510000403,2,overlap_full,1.0000000000
32510000201,2,overlap_full,1.0000000000
32510000205,2,overlap_full,1.0000000000
32510000301,2,overlap_full,1.0000000000
32510000305,2,overlap_full,1.0000000000
32510000401,2,overlap_full,1.0000000000
32510000309,2,overlap_full,1.0000000000
32027000001,2,overlap_full,1.0000000000
32027000007,2,overlap_full,1.0000000000
32027000005,2,overlap_full,1.0000000000
32027000006,2,overlap_full,1.0000000000
32027000004,2,overlap_full,1.0000000000
32027000003,2,overlap_full,1.0000000000
32007000009,2,overlap_full,1.0000000000
32007000022,2,overlap_full,1.0000000000
32007000004,2,overlap_full,1.0000000000
32007000003,2,overlap_full,1.0000000000
32007000011,2,overlap_full,1.0000000000
32007000014,2,overlap_full,1.0000000000
32007000025,2,overlap_full,1.0000000000
32007000023,2,overlap_full,1.0000000000
32007000020,2,overlap_full,1.0000000000
32007000039,2,overlap_full,1.0000000000
32007000029,2,overlap_full,1.0000000000
32007000017,2,overlap_full,1.0000000000
32007000028,2,overlap_full,1.0000000000
32007000016,2,overlap_full,1.0000000000
32007000015,2,overlap_full,1.0000000000
32007000027,2,overlap_full,1.0000000000
32007000013,2,overlap_full,1.0000000000
32007000005,2,overlap_full,1.0000000000
32007000008,2,overlap_full,1.0000000000
32007000026,2,overlap_full,1.0000000000
32007000033,2,overlap_full,1.0000000000
32007000032,2,overlap_full,1.0000000000
32007000034,2,overlap_full,1.0000000000
32007000010,2,overlap_full,1.0000000000
32007000007,2,overlap_full,1.0000000000
32007000012,2,overlap_full,1.0000000000
32007000002,2,overlap_full,1.0000000000
32007000001,2,overlap_full,1.0000000000
32007000031,2,overlap_full,1.0000000000
32007000040,2,overlap_full,1.0000000000
32007000041,2,overlap_full,1.0000000000
32007000024,2,overlap_full,1.0000000000
32007000006,2,overlap_full,1.0000000000
32007000037,2,overlap_full,1.0000000000
32007000035,2,overlap_full,1.0000000000
32007000019,2,overlap_full,1.0000000000
32007000038,2,overlap_full,1.0000000000
32007000036,2,overlap_full,1.0000000000
32007000030,2,overlap_full,1.0000000000
32007000018,2,overlap_full,1.0000000000
32007000021,2,overlap_full,1.0000000000
32001000016,2,overlap_split,0.9999977103
32001000012,2,overlap_split,0.9999962475
32001000011,2,overlap_full,1.0000000000
32001000006,2,overlap_full,1.0000000000
32001000017,2,overlap_full,1.0000000000
32001000009,2,overlap_full,1.0000000000
32001000008,2,overlap_full,1.0000000000
32001000019,2,overlap_full,1.0000000000
32001000015,2,overlap_full,1.0000000000
32001000007,2,overlap_full,1.0000000000
32001000018,2,overlap_full,1.0000000000
32001000014,2,overlap_full,1.0000000000
32001000005,2,overlap_full,1.0000000000
32001000004,2,overlap_full,1.0000000000
32001000013,2,overlap_full,1.0000000000
32001000002,2,overlap_full,1.0000000000
32001000001,2,overlap_full,1.0000000000
32001000003,2,overlap_full,1.0000000000
32001000010,2,overlap_full,1.0000000000
32001008-01,2,overlap_full,1.0000000000
32001007-01,2,overlap_full,1.0000000000
32001015-07,2,overlap_full,1.0000000000
32001015-06,2,overlap_full,1.0000000000
32001015-03,2,overlap_full,1.0000000000
32001015-10,2,overlap_full,1.0000000000
32001008-02,2,overlap_full,1.0000000000
32001015-08,2,overlap_full,1.0000000000
32001015-04,2,overlap_full,1.0000000000
32001015-01,2,overlap_full,1.0000000000
32001015-02,2,overlap_full,1.0000000000
32001012-01,2,overlap_full,1.0000000000
32001012-03,2,overlap_full,1.0000000000
32001012-02,2,overlap_full,1.0000000000
32001015-05,2,overlap_full,1.0000000000
32001008-03,2,overlap_full,1.0000000000
32001015-09,2,overlap_full,1.0000000000
32009000002,4,overlap_full,1.0000000000
32009000001,4,overlap_full,1.0000000000
32009000004,4,overlap_full,1.0000000000
32009000005,4,overlap_full,1.0000000000
32009000003,4,overlap_full,1.0000000000
32013000013,2,overlap_full,1.0000000000
32013000009,2,overlap_full,1.0000000000
32013000012,2,overlap_full,1.0000000000
32013000015,2,overlap_full,1.0000000000
320130007-2,2,overlap_full,1.0000000000
32013000014,2,overlap_full,1.0000000000
32013000011,2,overlap_full,1.0000000000
32013000010,2,overlap_full,1.0000000000
32013000008,2,overlap_full,1.0000000000
32013000006,2,overlap_full,1.0000000000
32013000001,2,overlap_full,1.0000000000
32013000004,2,overlap_full,1.0000000000
32013000005,2,overlap_full,1.0000000000
32013000002,2,overlap_full,1.0000000000
32013000003,2,overlap_full,1.0000000000
32005000019,2,overlap_full,1.0000000000
32005000002,2,overlap_full,1.0000000000
32005000012,2,overlap_full,1.0000000000
32005000022,2,overlap_full,1.0000000000
32005000031,2,overlap_full,1.0000000000
32005000021,2,overlap_full,1.0000000000
32005000015,2,overlap_full,1.0000000000
32005000014,2,overlap_full,1.0000000000
32005000017,2,overlap_full,1.0000000000
32005000032,2,overlap_full,1.0000000000
32005000027,2,overlap_full,1.0000000000
32005000003,2,overlap_full,1.0000000000
32005000028,2,overlap_full,1.0000000000
32005000026,2,overlap_full,1.0000000000
32005000007,2,overlap_full,1.0000000000
32005000001,2,overlap_full,1.0000000000
32005000004,2,overlap_full,1.0000000000
32005000018,2,overlap_full,1.0000000000
32005000025,2,overlap_full,1.0000000000
32005000008,2,overlap_full,1.0000000000
32005000009,2,overlap_full,1.0000000000
32005000030,2,overlap_full,1.0000000000
32005000033,2,overlap_full,1.0000000000
32005000011,2,overlap_full,1.0000000000
32005000013,2,overlap_full,1.0000000000
32005000034,2,overlap_full,1.0000000000
32005000023,2,overlap_full,1.0000000000
32005000006,2,overlap_full,1.0000000000
32005000005,2,overlap_full,1.0000000000
32005000016,2,overlap_full,1.0000000000
32005000029,2,overlap_full,1.0000000000
32005000037,2,overlap_full,1.0000000000
32005000038,2,overlap_full,1.0000000000
32005000036,2,overlap_full,1.0000000000
32005000035,2,overlap_full,1.0000000000
32005000041,2,overlap_full,1.0000000000
32005000039,2,overlap_full,1.0000000000
32005000040,2,overlap_full,1.0000000000
32005000024,2,overlap_split,0.9999884363
32005000010,2,overlap_full,1.0000000000
32005ZZZZZZ,2,overlap_full,1.0000000000
32005000020,2,overlap_full,1.0000000000
32033000030,2,overlap_split,0.9999995988
32033000050,2,overlap_split,0.9999982174
32033000035,2,overlap_full,1.0000000000
32033000010,2,overlap_full,1.0000000000
32033000020,2,overlap_full,1.0000000000
32033000005,2,overlap_full,1.0000000000
32033000040,2,overlap_full,1.0000000000
32033000015,2,overlap_full,1.0000000000
32033000045,2,overlap_split,0.9999955553
32033000025,2,overlap_full,1.0000000000
32019000014,2,overlap_full,1.0000000000
32019000021,2,overlap_full,1.0000000000
32019000017,2,overlap_full,1.0000000000
32019000018,2,overlap_full,1.0000000000
32019000020,2,overlap_full,1.0000000000
32019000012,2,overlap_full,1.0000000000
32019000010,2,overlap_full,1.0000000000
32019000009,2,overlap_full,1.0000000000
32019000016,2,overlap_full,1.0000000000
32019000022,2,overlap_full,1.0000000000
32019000019,2,overlap_full,1.0000000000
32019000013,2,overlap_full,1.0000000000
32019000011,2,overlap_full,1.0000000000
32019000034,2,overlap_full,1.0000000000
32019000040,2,overlap_full,1.0000000000
32019000039,2,overlap_full,1.0000000000
32019000033,2,overlap_full,1.0000000000
32019000028,2,overlap_full,1.0000000000
32019000027,2,overlap_full,1.0000000000
32019000032,2,overlap_full,1.0000000000
32019000037,2,overlap_full,1.0000000000
32019000035,2,overlap_full,1.0000000000
32019000029,2,overlap_full,1.0000000000
32019000015,2,overlap_full,1.0000000000
32019000036,2,overlap_full,1.0000000000
32019000038,2,overlap_full,1.0000000000
32019000023,2,overlap_full,1.0000000000
32019000031,2,overlap_full,1.0000000000
32019000030,2,overlap_full,1.0000000000
32019000026,2,overlap_full,1.0000000000
32019000024,2,overlap_full,1.0000000000
32019000002,2,overlap_full,1.0000000000
32019000025,2,overlap_full,1.0000000000
32019000004,2,overlap_full,1.0000000000
32019000001,2,overlap_split,0.9999999844
32019000005,2,overlap_split,0.9999999706
32019000003,2,overlap_full,1.0000000000
32019000008,4,overlap_split,0.9750973007
32019000006,2,overlap_split,0.5179434345
32019000007,2,overlap_split,0.9999317339
32003005430,1,overlap_full,1.0000000000
32003007395,3,overlap_full,1.0000000000
32003007332,3,overlap_full,1.0000000000
32003007405,3,overlap_full,1.0000000000
32003002044,4,overlap_split,0.9999495648
32003002008,1,overlap_split,0.9998844617
32003002366,1,overlap_split,0.9998949393
32003004306,1,overlap_full,1.0000000000
32003006057,4,overlap_full,1.0000000000
32003007430,3,overlap_full,1.0000000000
32003002037,4,overlap_split,0.9998101480
32003007416,3,overlap_full,1.0000000000
32003001396,3,overlap_full,1.0000000000
32003005003,1,overlap_full,1.0000000000
32003004310,1,overlap_full,1.0000000000
32003005014,1,overlap_full,1.0000000000
32003005403,1,overlap_full,1.0000000000
32003007910,3,overlap_full,1.0000000000
32003005390,1,overlap_split,0.9999932007
32003006520,4,overlap_full,1.0000000000
32003001330,3,overlap_full,1.0000000000
32003001063,3,overlap_full,1.0000000000
32003005394,1,overlap_full,1.0000000000
32003004467,1,overlap_full,1.0000000000
32003001327,3,overlap_full,1.0000000000
32003002446,1,overlap_full,1.0000000000
32003001356,3,overlap_full,1.0000000000
32003003414,4,overlap_full,1.0000000000
32003001918,3,overlap_full,1.0000000000
32003002949,4,overlap_full,1.0000000000
32003001909,3,overlap_full,1.0000000000
32003007334,3,overlap_full,1.0000000000
32003003981,4,overlap_full,1.0000000000
32003003938,4,overlap_full,1.0000000000
32003004454,1,overlap_full,1.0000000000
32003003909,4,overlap_full,1.0000000000
32003001374,3,overlap_full,1.0000000000
32003001379,3,overlap_full,1.0000000000
32003005372,1,overlap_full,1.0000000000
32003004075,1,overlap_full,1.0000000000
32003002356,4,overlap_full,1.0000000000
32003007048,3,overlap_full,1.0000000000
32003007358,3,overlap_full,1.0000000000
32003004415,1,overlap_full,1.0000000000
32003001382,3,overlap_full,1.0000000000
32003003574,4,overlap_full,1.0000000000
32003001920,3,overlap_full,1.0000000000
32003001908,3,overlap_full,1.0000000000
32003001907,3,overlap_full,1.0000000000
32003002407,1,overlap_full,1.0000000000
32003002405,1,overlap_full,1.0000000000
32003006109,4,overlap_full,1.0000000000
32003006440,4,overlap_full,1.0000000000
32003007054,3,overlap_full,1.0000000000
32003003393,4,overlap_full,1.0000000000
32003003395,4,overlap_full,1.0000000000
32003001337,3,overlap_full,1.0000000000
32003005356,1,overlap_full,1.0000000000
32003007359,3,overlap_full,1.0000000000
32003007351,3,overlap_full,1.0000000000
32003007357,3,overlap_full,1.0000000000
32003005333,1,overlap_full,1.0000000000
32003001352,3,overlap_full,1.0000000000
32003003391,4,overlap_full,1.0000000000
32003003553,4,overlap_full,1.0000000000
32003001346,3,overlap_full,1.0000000000
32003005326,1,overlap_full,1.0000000000
32003005397,1,overlap_split,0.9993751330
32003003564,4,overlap_full,1.0000000000
32003006515,4,overlap_full,1.0000000000
32003004305,1,overlap_full,1.0000000000
32003003375,4,overlap_full,1.0000000000
32003003416,4,overlap_full,1.0000000000
32003001307,3,overlap_full,1.0000000000
32003001514,3,overlap_full,1.0000000000
32003006521,4,overlap_full,1.0000000000
32003001351,3,overlap_full,1.0000000000
32003002391,1,overlap_full,1.0000000000
32003001303,3,overlap_split,0.9998015063
32003001513,3,overlap_full,1.0000000000
32003003552,4,overlap_full,1.0000000000
32003003365,4,overlap_full,1.0000000000
32003001354,3,overlap_full,1.0000000000
32003003364,4,overlap_full,1.0000000000
32003006475,4,overlap_split,0.9997055414
32003003037,4,overlap_full,1.0000000000
32003001517,3,overlap_full,1.0000000000
32003006477,4,overlap_full,1.0000000000
32003001340,3,overlap_full,1.0000000000
32003003217,4,overlap_full,1.0000000000
32003003383,4,overlap_full,1.0000000000
32003003374,4,overlap_full,1.0000000000
32003007414,3,overlap_full,1.0000000000
32003003435,4,overlap_full,1.0000000000
32003003532,4,overlap_full,1.0000000000
32003005350,1,overlap_full,1.0000000000
32003002430,1,overlap_full,1.0000000000
32003007356,3,overlap_full,1.0000000000
32003001038,4,overlap_full,1.0000000000
32003001039,4,overlap_full,1.0000000000
32003001137,3,overlap_full,1.0000000000
32003001302,3,overlap_split,0.9991714548
32003006522,4,overlap_full,1.0000000000
32003003464,4,overlap_full,1.0000000000
32003003382,4,overlap_full,1.0000000000
32003002352,4,overlap_full,1.0000000000
32003002371,1,overlap_split,0.9999763665
32003002463,1,overlap_full,1.0000000000
32003001367,3,overlap_full,1.0000000000
32003007341,3,overlap_full,1.0000000000
32003002500,1,overlap_full,1.0000000000
32003002483,1,overlap_full,1.0000000000
32003002387,1,overlap_split,0.9992132342
32003002464,1,overlap_full,1.0000000000
32003003904,4,overlap_full,1.0000000000
32003003366,4,overlap_full,1.0000000000
32003003982,4,overlap_full,1.0000000000
32003001349,3,overlap_full,1.0000000000
32003003984,4,overlap_full,1.0000000000
32003002484,1,overlap_full,1.0000000000
32003003566,4,overlap_full,1.0000000000
32003005047,1,overlap_full,1.0000000000
32003001345,3,overlap_full,1.0000000000
32003007366,3,overlap_full,1.0000000000
32003005332,1,overlap_full,1.0000000000
32003005323,1,overlap_full,1.0000000000
32003005413,1,overlap_full,1.0000000000
32003003040,4,overlap_full,1.0000000000
32003003385,4,overlap_full,1.0000000000
32003001343,3,overlap_full,1.0000000000
32003006434,4,overlap_full,1.0000000000
32003001334,3,overlap_full,1.0000000000
32003002372,1,overlap_split,0.9999961779
32003002354,4,overlap_split,0.9997951805
32003003371,4,overlap_full,1.0000000000
32003002381,1,overlap_full,1.0000000000
32003002390,1,overlap_full,1.0000000000
32003004381,1,overlap_full,1.0000000000
32003005410,1,overlap_full,1.0000000000
32003007311,3,overlap_full,1.0000000000
32003001390,3,overlap_full,1.0000000000
32003003036,4,overlap_full,1.0000000000
32003002392,1,overlap_full,1.0000000000
32003001341,3,overlap_full,1.0000000000
32003003373,4,overlap_full,1.0000000000
32003003465,4,overlap_full,1.0000000000
32003007410,3,overlap_full,1.0000000000
32003003431,4,overlap_full,1.0000000000
32003003372,4,overlap_full,1.0000000000
32003003370,4,overlap_full,1.0000000000
32003001336,3,overlap_full,1.0000000000
32003002400,1,overlap_full,1.0000000000
32003002373,1,overlap_full,1.0000000000
32003002382,1,overlap_full,1.0000000000
32003002380,1,overlap_full,1.0000000000
32003001395,3,overlap_full,1.0000000000
32003007403,3,overlap_full,1.0000000000
32003001342,3,overlap_full,1.0000000000
32003004073,1,overlap_full,1.0000000000
32003001959,3,overlap_full,1.0000000000
32003001906,3,overlap_full,1.0000000000
32003001380,3,overlap_full,1.0000000000
32003001964,3,overlap_full,1.0000000000
32003001946,3,overlap_full,1.0000000000
32003001919,3,overlap_full,1.0000000000
32003002948,4,overlap_full,1.0000000000
32003006040,1,overlap_split,0.9999734203
32003002444,1,overlap_full,1.0000000000
32003006498,4,overlap_split,0.9999933284
32003003540,4,overlap_full,1.0000000000
32003002078,4,overlap_split,0.9999990891
32003006487,3,overlap_split,0.9999906481
32003001072,3,overlap_full,1.0000000000
32003002465,4,overlap_full,1.0000000000
32003006490,3,overlap_full,1.0000000000
32003006488,3,overlap_split,0.9999939224
32003001533,3,overlap_full,1.0000000000
32003002938,4,overlap_split,0.9999979167
32003001074,3,overlap_full,1.0000000000
32003006531,3,overlap_full,1.0000000000
32003002417,1,overlap_full,1.0000000000
32003002473,4,overlap_full,1.0000000000
32003001550,3,overlap_full,1.0000000000
32003001943,3,overlap_full,1.0000000000
32003003535,4,overlap_full,1.0000000000
32003002468,4,overlap_full,1.0000000000
32003003381,4,overlap_full,1.0000000000
32003003433,4,overlap_full,1.0000000000
32003003361,4,overlap_full,1.0000000000
32003007411,3,overlap_full,1.0000000000
32003001381,3,overlap_full,1.0000000000
32003001511,3,overlap_full,1.0000000000
32003001525,3,overlap_full,1.0000000000
32003006494,3,overlap_full,1.0000000000
32003006544,3,overlap_full,1.0000000000
32003001411,3,overlap_full,1.0000000000
32003001521,3,overlap_full,1.0000000000
32003002477,4,overlap_full,1.0000000000
32003001520,3,overlap_full,1.0000000000
32003001509,3,overlap_full,1.0000000000
32003003544,4,overlap_full,1.0000000000
32003003557,4,overlap_full,1.0000000000
32003001552,3,overlap_full,1.0000000000
32003006547,3,overlap_full,1.0000000000
32003001519,3,overlap_full,1.0000000000
32003001378,3,overlap_full,1.0000000000
32003001528,3,overlap_full,1.0000000000
32003006527,4,overlap_full,1.0000000000
32003002961,1,overlap_full,1.0000000000
32003001935,3,overlap_full,1.0000000000
32003006548,3,overlap_full,1.0000000000
32003001377,3,overlap_full,1.0000000000
32003001410,3,overlap_full,1.0000000000
32003002360,1,overlap_split,0.9998623690
32003007422,3,overlap_full,1.0000000000
32003002401,1,overlap_full,1.0000000000
32003006471,4,overlap_full,1.0000000000
32003007387,3,overlap_full,1.0000000000
32003001348,3,overlap_full,1.0000000000
32003005417,1,overlap_full,1.0000000000
32003001353,3,overlap_full,1.0000000000
32003003392,4,overlap_full,1.0000000000
32003003413,4,overlap_full,1.0000000000
32003003518,4,overlap_full,1.0000000000
32003003152,4,overlap_full,1.0000000000
32003001363,3,overlap_full,1.0000000000
32003004069,1,overlap_full,1.0000000000
32003001332,3,overlap_full,1.0000000000
32003003363,4,overlap_full,1.0000000000
32003006463,4,overlap_full,1.0000000000
32003004076,1,overlap_full,1.0000000000
32003003985,4,overlap_full,1.0000000000
32003003537,4,overlap_full,1.0000000000
32003001361,3,overlap_full,1.0000000000
32003001385,3,overlap_full,1.0000000000
32003003191,4,overlap_full,1.0000000000
32003007097,3,overlap_full,1.0000000000
32003002456,1,overlap_full,1.0000000000
32003007354,3,overlap_full,1.0000000000
32003007361,3,overlap_full,1.0000000000
32003007355,3,overlap_full,1.0000000000
32003006431,4,overlap_full,1.0000000000
32003006062,4,overlap_full,1.0000000000
32003006066,4,overlap_split,0.9998140730
32003004387,1,overlap_full,1.0000000000
32003004384,1,overlap_full,1.0000000000
32003006424,4,overlap_split,0.9999875179
32003004304,1,overlap_full,1.0000000000
32003005405,1,overlap_full,1.0000000000
32003003430,4,overlap_full,1.0000000000
32003007415,3,overlap_full,1.0000000000
32003002385,1,overlap_full,1.0000000000
32003001333,3,overlap_full,1.0000000000
32003006470,4,overlap_full,1.0000000000
32003002383,1,overlap_full,1.0000000000
32003002384,1,overlap_full,1.0000000000
32003006514,4,overlap_full,1.0000000000
32003001318,3,overlap_full,1.0000000000
32003006545,4,overlap_full,1.0000000000
32003006533,3,overlap_full,1.0000000000
32003003418,4,overlap_full,1.0000000000
32003001304,3,overlap_full,1.0000000000
32003007417,3,overlap_full,1.0000000000
32003004461,1,overlap_full,1.0000000000
32003002393,1,overlap_full,1.0000000000
32003004017,1,overlap_full,1.0000000000
32003003546,4,overlap_full,1.0000000000
32003001391,3,overlap_full,1.0000000000
32003003380,4,overlap_full,1.0000000000
32003002481,1,overlap_full,1.0000000000
32003002440,1,overlap_full,1.0000000000
32003002480,1,overlap_full,1.0000000000
32003002479,1,overlap_split,0.9998482282
32003005034,1,overlap_full,1.0000000000
32003001328,3,overlap_full,1.0000000000
32003002449,1,overlap_full,1.0000000000
32003003417,4,overlap_full,1.0000000000
32003002409,1,overlap_full,1.0000000000
32003003547,4,overlap_full,1.0000000000
32003001368,3,overlap_full,1.0000000000
32003003979,4,overlap_full,1.0000000000
32003001389,3,overlap_full,1.0000000000
32003002447,1,overlap_full,1.0000000000
32003007413,3,overlap_full,1.0000000000
32003007908,3,overlap_full,1.0000000000
32003001331,3,overlap_full,1.0000000000
32003003457,4,overlap_full,1.0000000000
32003003439,4,overlap_full,1.0000000000
32003002458,1,overlap_full,1.0000000000
32003002406,1,overlap_full,1.0000000000
32003001375,3,overlap_full,1.0000000000
32003001387,3,overlap_full,1.0000000000
32003003562,4,overlap_full,1.0000000000
32003002408,1,overlap_full,1.0000000000
32003002469,4,overlap_full,1.0000000000
32003002931,1,overlap_full,1.0000000000
32003002476,4,overlap_full,1.0000000000
32003001930,3,overlap_full,1.0000000000
32003005396,1,overlap_split,0.9999995249
32003001344,3,overlap_full,1.0000000000
32003003914,4,overlap_full,1.0000000000
32003003604,4,overlap_full,1.0000000000
32003003602,4,overlap_full,1.0000000000
32003003559,4,overlap_full,1.0000000000
32003003386,4,overlap_full,1.0000000000
32003005029,1,overlap_full,1.0000000000
32003005056,1,overlap_full,1.0000000000
32003006469,4,overlap_split,0.9999887917
32003007012,3,overlap_full,1.0000000000
32003004066,1,overlap_full,1.0000000000
32003002466,4,overlap_full,1.0000000000
32003001384,3,overlap_full,1.0000000000
32003001510,3,overlap_full,1.0000000000
32003006493,3,overlap_full,1.0000000000
32003006497,3,overlap_full,1.0000000000
32003001365,3,overlap_full,1.0000000000
32003001518,3,overlap_full,1.0000000000
32003006513,4,overlap_full,1.0000000000
32003002970,4,overlap_full,1.0000000000
32003006484,4,overlap_split,0.9998382645
32003003565,4,overlap_full,1.0000000000
32003006539,3,overlap_full,1.0000000000
32003006530,3,overlap_full,1.0000000000
32003003576,4,overlap_full,1.0000000000
32003006526,4,overlap_full,1.0000000000
32003006517,4,overlap_full,1.0000000000
32003003571,4,overlap_full,1.0000000000
32003001371,3,overlap_full,1.0000000000
32003005400,1,overlap_full,1.0000000000
32003005036,1,overlap_full,1.0000000000
32003002394,1,overlap_full,1.0000000000
32003001960,3,overlap_full,1.0000000000
32003002959,1,overlap_full,1.0000000000
32003002962,1,overlap_full,1.0000000000
32003007312,3,overlap_full,1.0000000000
32003004463,1,overlap_full,1.0000000000
32003003151,4,overlap_full,1.0000000000
32003005393,1,overlap_split,0.9998832865
32003001394,3,overlap_full,1.0000000000
32003001335,3,overlap_full,1.0000000000
32003002957,1,overlap_full,1.0000000000
32003006492,3,overlap_full,1.0000000000
32003006499,3,overlap_full,1.0000000000
32003006540,3,overlap_full,1.0000000000
32003006538,3,overlap_full,1.0000000000
32003002457,1,overlap_split,0.9999731598
32003006512,4,overlap_full,1.0000000000
32003006496,3,overlap_full,1.0000000000
32003001376,3,overlap_full,1.0000000000
32003006500,3,overlap_full,1.0000000000
32003007352,3,overlap_full,1.0000000000
32003005404,1,overlap_full,1.0000000000
32003005384,1,overlap_full,1.0000000000
32003002126,1,overlap_full,1.0000000000
32003005324,1,overlap_full,1.0000000000
32003006362,4,overlap_full,1.0000000000
32003005425,1,overlap_full,1.0000000000
32003007079,3,overlap_split,0.9994104648
32003007049,3,overlap_full,1.0000000000
32003007047,3,overlap_full,1.0000000000
32003007360,3,overlap_full,1.0000000000
32003005395,1,overlap_full,1.0000000000
32003002386,1,overlap_full,1.0000000000
32003004307,1,overlap_full,1.0000000000
32003004028,1,overlap_full,1.0000000000
32003007050,3,overlap_full,1.0000000000
32003007402,3,overlap_full,1.0000000000
32003005599,1,overlap_full,1.0000000000
32003006717,3,overlap_full,1.0000000000
32003005563,1,overlap_full,1.0000000000
32003006467,3,overlap_full,1.0000000000
32003006750,3,overlap_full,1.0000000000
32003005905,1,overlap_full,1.0000000000
32003002979,1,overlap_full,1.0000000000
32003005561,1,overlap_full,1.0000000000
32003003778,4,overlap_full,1.0000000000
32003003779,4,overlap_full,1.0000000000
32029000003,2,overlap_full,1.0000000000
32029000008,2,overlap_full,1.0000000000
32029000007,2,overlap_full,1.0000000000
32029000013,2,overlap_full,1.0000000000
32029000015,2,overlap_full,1.0000000000
32029000004,2,overlap_full,1.0000000000
32029000005,2,overlap_full,1.0000000000
32029000012,2,overlap_full,1.0000000000
32029000009,2,overlap_full,1.0000000000
32029000010,2,overlap_full,1.0000000000
32029000006,2,overlap_full,1.0000000000
32029000002,2,overlap_full,1.0000000000
32029000001,2,overlap_full,1.0000000000
32029000014,2,overlap_full,1.0000000000
32029000011,2,overlap_full,1.0000000000
32003005590,1,overlap_full,1.0000000000
32003003588,4,overlap_full,1.0000000000
32003005655,3,overlap_split,0.9992998625
32003007596,3,overlap_full,1.0000000000
32003006740,3,overlap_full,1.0000000000
32003003587,4,overlap_full,1.0000000000
32023000006,4,overlap_full,1.0000000000
32023000001,4,overlap_full,1.0000000000
32023000008,4,overlap_full,1.0000000000
32023000003,4,overlap_split,0.9999919433
32023000013,4,overlap_split,0.9999988093
32023000002,4,overlap_split,0.9999990589
32023000005,4,overlap_split,0.9999977580
32023000004,4,overlap_split,0.9999955863
32023000025,4,overlap_full,1.0000000000
32023000030,4,overlap_full,1.0000000000
32023000021,4,overlap_full,1.0000000000
32023000031,4,overlap_full,1.0000000000
32023000018,4,overlap_full,1.0000000000
32023000024,4,overlap_full,1.0000000000
32023000010,4,overlap_full,1.0000000000
32023000029,4,overlap_full,1.0000000000
32023000016,4,overlap_full,1.0000000000
32023000009,4,overlap_full,1.0000000000
32023000028,4,overlap_full,1.0000000000
32023000023,4,overlap_full,1.0000000000
32023000019,4,overlap_full,1.0000000000
32023000032,4,overlap_full,1.0000000000
32023000017,4,overlap_full,1.0000000000
32023000020,4,overlap_full,1.0000000000
32023000035,4,overlap_split,0.9999999175
32023000015,4,overlap_full,1.0000000000
32023000012,4,overlap_full,1.0000000000
32023000007,4,overlap_split,0.9999996930
32023000026,4,overlap_full,1.0000000000
32023000011,4,overlap_full,1.0000000000
32023000022,4,overlap_full,1.0000000000
32023000027,4,overlap_full,1.0000000000
32023000014,4,overlap_full,1.0000000000
32021000007,4,overlap_split,0.9999977665
32021000001,4,overlap_full,1.0000000000
32021000004,4,overlap_full,1.0000000000
32021000003,4,overlap_full,1.0000000000
32021000002,4,overlap_full,1.0000000000
32021000012,4,overlap_full,1.0000000000
32021000006,4,overlap_full,1.0000000000
32021000005,4,overlap_full,1.0000000000
32021000010,4,overlap_full,1.0000000000
32021000008,4,overlap_full,1.0000000000
32021000009,4,overlap_split,0.9999978165
32021000011,4,overlap_split,0.9999915693
32031008103,2,overlap_full,1.0000000000
32031008205,2,overlap_full,1.0000000000
32031002025,2,overlap_full,1.0000000000
32031001024,2,overlap_full,1.0000000000
32031002028,2,overlap_full,1.0000000000
32031002050,2,overlap_full,1.0000000000
32031002029,2,overlap_full,1.0000000000
32031002013,2,overlap_full,1.0000000000
32031008261,2,overlap_full,1.0000000000
32031002026,2,overlap_full,1.0000000000
32031008207,2,overlap_full,1.0000000000
32031001031,2,overlap_full,1.0000000000
32031001032,2,overlap_full,1.0000000000
32031008253,2,overlap_full,1.0000000000
32031002051,2,overlap_full,1.0000000000
32031002004,2,overlap_full,1.0000000000
32031004009,2,overlap_full,1.0000000000
32031007558,2,overlap_full,1.0000000000
32031002040,2,overlap_full,1.0000000000
32031001006,2,overlap_full,1.0000000000
32031001003,2,overlap_full,1.0000000000
32031002017,2,overlap_full,1.0000000000
32031004021,2,overlap_full,1.0000000000
32031007526,2,overlap_full,1.0000000000
32031001029,2,overlap_full,1.0000000000
32031007412,2,overlap_full,1.0000000000
32031007307,2,overlap_full,1.0000000000
32031009243,2,overlap_full,1.0000000000
32031006212,2,overlap_full,1.0000000000
32031005061,2,overlap_full,1.0000000000
32031009513,2,overlap_full,1.0000000000
32031007518,2,overlap_full,1.0000000000
32031008118,2,overlap_full,1.0000000000
32031009408,2,overlap_full,1.0000000000
32031005023,2,overlap_full,1.0000000000
32031007552,2,overlap_full,1.0000000000
32031004035,2,overlap_full,1.0000000000
32031004041,2,overlap_full,1.0000000000
32031004016,2,overlap_full,1.0000000000
32031004025,2,overlap_full,1.0000000000
32031007537,2,overlap_full,1.0000000000
32031004032,2,overlap_full,1.0000000000
32031007519,2,overlap_full,1.0000000000
32031007539,2,overlap_full,1.0000000000
32031007523,2,overlap_full,1.0000000000
32031004037,2,overlap_full,1.0000000000
32031007541,2,overlap_full,1.0000000000
32031007543,2,overlap_full,1.0000000000
32031007524,2,overlap_full,1.0000000000
32031008245,2,overlap_full,1.0000000000
32031007536,2,overlap_full,1.0000000000
32031004045,2,overlap_full,1.0000000000
32031008201,2,overlap_full,1.0000000000
32031009520,2,overlap_full,1.0000000000
32031002048,2,overlap_full,1.0000000000
32031009202,2,overlap_full,1.0000000000
32031004018,2,overlap_full,1.0000000000
32031007508,2,overlap_full,1.0000000000
32031009533,2,overlap_full,1.0000000000
32031002037,2,overlap_full,1.0000000000
32031001038,2,overlap_full,1.0000000000
32031009103,2,overlap_full,1.0000000000
32031001047,2,overlap_full,1.0000000000
32031008206,2,overlap_full,1.0000000000
32031008235,2,overlap_full,1.0000000000
32031001012,2,overlap_full,1.0000000000
32031003013,2,overlap_full,1.0000000000
32031003020,2,overlap_full,1.0000000000
32031003001,2,overlap_full,1.0000000000
32031008127,2,overlap_full,1.0000000000
32031003009,2,overlap_full,1.0000000000
32031001045,2,overlap_full,1.0000000000
32031003018,2,overlap_full,1.0000000000
32031005062,2,overlap_full,1.0000000000
32031005040,2,overlap_full,1.0000000000
32031005022,2,overlap_full,1.0000000000
32031005024,2,overlap_full,1.0000000000
32031006101,2,overlap_full,1.0000000000
32031004033,2,overlap_full,1.0000000000
32031002018,2,overlap_full,1.0000000000
32031005018,2,overlap_full,1.0000000000
32031004020,2,overlap_full,1.0000000000
32031004038,2,overlap_full,1.0000000000
32031003038,2,overlap_full,1.0000000000
32031003032,2,overlap_full,1.0000000000
32031008260,2,overlap_full,1.0000000000
32031008211,2,overlap_full,1.0000000000
32031003036,2,overlap_full,1.0000000000
32031001056,2,overlap_full,1.0000000000
32031008202,2,overlap_full,1.0000000000
32031005026,2,overlap_full,1.0000000000
32031006211,2,overlap_full,1.0000000000
32031006208,2,overlap_full,1.0000000000
32031002032,2,overlap_full,1.0000000000
32031002023,2,overlap_full,1.0000000000
32031002047,2,overlap_full,1.0000000000
32031003002,2,overlap_full,1.0000000000
32031005009,2,overlap_full,1.0000000000
32031005056,2,overlap_full,1.0000000000
32031008256,2,overlap_full,1.0000000000
32031008219,2,overlap_full,1.0000000000
32031008220,2,overlap_full,1.0000000000
32031007527,2,overlap_full,1.0000000000
32031007520,2,overlap_full,1.0000000000
32031009106,2,overlap_full,1.0000000000
32031007546,2,overlap_full,1.0000000000
32031008271,2,overlap_full,1.0000000000
32031004043,2,overlap_full,1.0000000000
32031ZZZZZZ,2,overlap_full,1.0000000000
32031008112,2,overlap_full,1.0000000000
32031008209,2,overlap_full,1.0000000000
32031008204,2,overlap_full,1.0000000000
32031004036,2,overlap_full,1.0000000000
32031002021,2,overlap_full,1.0000000000
32031001005,2,overlap_full,1.0000000000
32031008216,2,overlap_full,1.0000000000
32031008218,2,overlap_full,1.0000000000
32031001007,2,overlap_full,1.0000000000
32031002022,2,overlap_full,1.0000000000
32031001023,2,overlap_full,1.0000000000
32031002027,2,overlap_full,1.0000000000
32031001027,2,overlap_full,1.0000000000
32031008250,2,overlap_full,1.0000000000
32031001014,2,overlap_full,1.0000000000
32031002016,2,overlap_full,1.0000000000
32031008208,2,overlap_full,1.0000000000
32031008213,2,overlap_full,1.0000000000
32031001018,2,overlap_full,1.0000000000
32031001033,2,overlap_full,1.0000000000
32031001010,2,overlap_full,1.0000000000
32031002034,2,overlap_full,1.0000000000
32031002002,2,overlap_full,1.0000000000
32031009303,2,overlap_full,1.0000000000
32031007549,2,overlap_full,1.0000000000
32031004029,2,overlap_full,1.0000000000
32031001036,2,overlap_full,1.0000000000
32031001020,2,overlap_full,1.0000000000
32031001000,2,overlap_full,1.0000000000
32031001035,2,overlap_full,1.0000000000
32031002030,2,overlap_full,1.0000000000
32031004023,2,overlap_full,1.0000000000
32031009523,2,overlap_full,1.0000000000
32031001026,2,overlap_full,1.0000000000
32031002006,2,overlap_full,1.0000000000
32031004019,2,overlap_full,1.0000000000
32031004024,2,overlap_full,1.0000000000
32031009122,2,overlap_full,1.0000000000
32031008128,2,overlap_full,1.0000000000
32031008263,2,overlap_full,1.0000000000
32031003005,2,overlap_full,1.0000000000
32031003014,2,overlap_full,1.0000000000
32031003024,2,overlap_full,1.0000000000
32031008115,2,overlap_full,1.0000000000
32031004000,2,overlap_full,1.0000000000
32031008101,2,overlap_full,1.0000000000
32031008214,2,overlap_full,1.0000000000
32031001022,2,overlap_full,1.0000000000
32031005030,2,overlap_full,1.0000000000
32031005036,2,overlap_full,1.0000000000
32031005020,2,overlap_full,1.0000000000
32031001057,2,overlap_full,1.0000000000
32031005041,2,overlap_full,1.0000000000
32031005010,2,overlap_full,1.0000000000
32031007501,2,overlap_full,1.0000000000
32031002042,2,overlap_full,1.0000000000
32031003011,2,overlap_full,1.0000000000
32031007505,2,overlap_full,1.0000000000
32031007533,2,overlap_full,1.0000000000
32031007563,2,overlap_full,1.0000000000
32031004005,2,overlap_full,1.0000000000
32031007502,2,overlap_full,1.0000000000
32031007565,2,overlap_full,1.0000000000
32031006110,2,overlap_full,1.0000000000
32031006108,2,overlap_full,1.0000000000
32031006303,2,overlap_full,1.0000000000
32031006311,2,overlap_full,1.0000000000
32031006314,2,overlap_full,1.0000000000
32031006520,2,overlap_full,1.0000000000
32031003010,2,overlap_full,1.0000000000
32031007517,2,overlap_full,1.0000000000
32031003012,2,overlap_full,1.0000000000
32031002033,2,overlap_full,1.0000000000
32031003004,2,overlap_full,1.0000000000
32031007513,2,overlap_full,1.0000000000
32031007534,2,overlap_full,1.0000000000
32031004007,2,overlap_full,1.0000000000
32031006308,2,overlap_full,1.0000000000
32031002035,2,overlap_full,1.0000000000
32031006513,2,overlap_full,1.0000000000
32031006302,2,overlap_full,1.0000000000
32031007300,2,overlap_full,1.0000000000
32031007404,2,overlap_full,1.0000000000
32031006111,2,overlap_full,1.0000000000
32031006205,2,overlap_full,1.0000000000
32031003015,2,overlap_full,1.0000000000
32031003017,2,overlap_full,1.0000000000
32031005035,2,overlap_full,1.0000000000
32031005033,2,overlap_full,1.0000000000
32031006104,2,overlap_full,1.0000000000
32031004022,2,overlap_full,1.0000000000
32031003019,2,overlap_full,1.0000000000
32031005027,2,overlap_full,1.0000000000
32031008212,2,overlap_full,1.0000000000
32031003029,2,overlap_full,1.0000000000
32031002041,2,overlap_full,1.0000000000
32031008254,2,overlap_full,1.0000000000
32031003022,2,overlap_full,1.0000000000
32031001044,2,overlap_full,1.0000000000
32031001055,2,overlap_full,1.0000000000
32031003026,2,overlap_full,1.0000000000
32031005006,2,overlap_full,1.0000000000
32031002020,2,overlap_full,1.0000000000
32031008259,2,overlap_full,1.0000000000
32031002009,2,overlap_full,1.0000000000
32031003007,2,overlap_full,1.0000000000
32031002031,2,overlap_full,1.0000000000
32031005016,2,overlap_full,1.0000000000
32031005008,2,overlap_full,1.0000000000
32031001039,2,overlap_full,1.0000000000
32031002007,2,overlap_full,1.0000000000
32031007304,2,overlap_full,1.0000000000
32031007514,2,overlap_full,1.0000000000
32031003016,2,overlap_full,1.0000000000
32031007424,2,overlap_full,1.0000000000
32031002058,2,overlap_full,1.0000000000
32031006100,2,overlap_full,1.0000000000
32031006107,2,overlap_full,1.0000000000
32031006306,2,overlap_full,1.0000000000
32031006307,2,overlap_full,1.0000000000
32031006500,2,overlap_full,1.0000000000
32031006310,2,overlap_full,1.0000000000
32031006106,2,overlap_full,1.0000000000
32031006210,2,overlap_full,1.0000000000
32031006202,2,overlap_full,1.0000000000
32031003028,2,overlap_full,1.0000000000
32031007512,2,overlap_full,1.0000000000
32031006109,2,overlap_full,1.0000000000
32031006511,2,overlap_full,1.0000000000
32031002036,2,overlap_full,1.0000000000
32031009210,2,overlap_full,1.0000000000
32031006519,2,overlap_full,1.0000000000
32031005014,2,overlap_full,1.0000000000
32031005045,2,overlap_full,1.0000000000
32031008500,2,overlap_full,1.0000000000
32031007400,2,overlap_full,1.0000000000
32031007417,2,overlap_full,1.0000000000
32031006413,2,overlap_full,1.0000000000
32031006301,2,overlap_full,1.0000000000
32031007550,2,overlap_full,1.0000000000
32031006508,2,overlap_full,1.0000000000
32031007410,2,overlap_full,1.0000000000
32031007408,2,overlap_full,1.0000000000
32031006423,2,overlap_full,1.0000000000
32031005032,2,overlap_full,1.0000000000
32031006501,2,overlap_full,1.0000000000
32031006313,2,overlap_full,1.0000000000
32031007414,2,overlap_full,1.0000000000
32031005048,2,overlap_full,1.0000000000
32031001053,2,overlap_full,1.0000000000
32031007425,2,overlap_full,1.0000000000
32031007402,2,overlap_full,1.0000000000
32031003031,2,overlap_full,1.0000000000
32031009244,2,overlap_full,1.0000000000
32031006514,2,overlap_full,1.0000000000
32031006300,2,overlap_full,1.0000000000
32031001002,2,overlap_full,1.0000000000
32031007532,2,overlap_full,1.0000000000
32031008502,2,overlap_full,1.0000000000
32031007416,2,overlap_full,1.0000000000
32031006418,2,overlap_full,1.0000000000
32031009115,2,overlap_full,1.0000000000
32031007415,2,overlap_full,1.0000000000
32031007500,2,overlap_full,1.0000000000
32031006403,2,overlap_full,1.0000000000
32031006416,2,overlap_full,1.0000000000
32031005000,2,overlap_full,1.0000000000
32031008102,2,overlap_full,1.0000000000
32031006503,2,overlap_full,1.0000000000
32031003021,2,overlap_full,1.0000000000
32031005039,2,overlap_full,1.0000000000
32031001046,2,overlap_full,1.0000000000
32031009120,2,overlap_full,1.0000000000
32031005031,2,overlap_full,1.0000000000
32031005034,2,overlap_full,1.0000000000
32031005046,2,overlap_full,1.0000000000
32031006207,2,overlap_full,1.0000000000
32031005011,2,overlap_full,1.0000000000
32031005054,2,overlap_full,1.0000000000
32031009109,2,overlap_full,1.0000000000
32031007418,2,overlap_full,1.0000000000
32031005047,2,overlap_full,1.0000000000
32031006411,2,overlap_full,1.0000000000
32031007407,2,overlap_full,1.0000000000
32031006425,2,overlap_full,1.0000000000
32031008276,2,overlap_full,1.0000000000
32031008277,2,overlap_full,1.0000000000
32031008100,2,overlap_full,1.0000000000
32031007506,2,overlap_full,1.0000000000
32031002039,2,overlap_full,1.0000000000
32031002049,2,overlap_full,1.0000000000
32031009211,2,overlap_full,1.0000000000
32031008203,2,overlap_full,1.0000000000
32031005007,2,overlap_full,1.0000000000
32031001043,2,overlap_full,1.0000000000
32031006209,2,overlap_full,1.0000000000
32031008226,2,overlap_full,1.0000000000
32031004042,2,overlap_full,1.0000000000
32031007521,2,overlap_full,1.0000000000
32031007547,2,overlap_full,1.0000000000
32031007531,2,overlap_full,1.0000000000
32031007522,2,overlap_full,1.0000000000
32031007509,2,overlap_full,1.0000000000
32031009107,2,overlap_full,1.0000000000
32031007309,2,overlap_full,1.0000000000
32031006317,2,overlap_full,1.0000000000
32031007566,2,overlap_full,1.0000000000
32031003003,2,overlap_full,1.0000000000
32031001050,2,overlap_full,1.0000000000
32031006405,2,overlap_full,1.0000000000
32031006400,2,overlap_full,1.0000000000
32031008129,2,overlap_full,1.0000000000
32031005012,2,overlap_full,1.0000000000
32031007413,2,overlap_full,1.0000000000
32031005053,2,overlap_full,1.0000000000
32031009516,2,overlap_full,1.0000000000
32031005051,2,overlap_full,1.0000000000
32031006415,2,overlap_full,1.0000000000
32031006516,2,overlap_full,1.0000000000
32031007503,2,overlap_full,1.0000000000
32031007430,2,overlap_full,1.0000000000
32031009102,2,overlap_full,1.0000000000
32031008221,2,overlap_full,1.0000000000
32031008247,2,overlap_full,1.0000000000
32031007556,2,overlap_full,1.0000000000
32031003035,2,overlap_full,1.0000000000
32031006206,2,overlap_full,1.0000000000
32031007562,2,overlap_full,1.0000000000
32031008265,2,overlap_full,1.0000000000
32031008227,2,overlap_full,1.0000000000
32031004015,2,overlap_full,1.0000000000
32031009121,2,overlap_full,1.0000000000
32031002000,2,overlap_full,1.0000000000
32031007308,2,overlap_full,1.0000000000
32031007302,2,overlap_full,1.0000000000
32031008116,2,overlap_full,1.0000000000
32031008107,2,overlap_full,1.0000000000
32031008108,2,overlap_full,1.0000000000
32031008104,2,overlap_full,1.0000000000
32031008106,2,overlap_full,1.0000000000
32031008105,2,overlap_full,1.0000000000
32031008109,2,overlap_full,1.0000000000
32031008117,2,overlap_full,1.0000000000
32031008111,2,overlap_full,1.0000000000
32031009116,2,overlap_full,1.0000000000
32031008126,2,overlap_full,1.0000000000
32031008110,2,overlap_full,1.0000000000
32031008273,2,overlap_full,1.0000000000
32031007507,2,overlap_full,1.0000000000
32031004014,2,overlap_full,1.0000000000
32031004012,2,overlap_full,1.0000000000
32031004039,2,overlap_full,1.0000000000
32031007525,2,overlap_full,1.0000000000
32031004046,2,overlap_full,1.0000000000
32031008125,2,overlap_full,1.0000000000
32031007529,2,overlap_full,1.0000000000
32031008200,2,overlap_full,1.0000000000
32031008264,2,overlap_full,1.0000000000
32031007557,2,overlap_full,1.0000000000
32031007540,2,overlap_full,1.0000000000
32031008275,2,overlap_full,1.0000000000
32031004026,2,overlap_full,1.0000000000
32031007553,2,overlap_full,1.0000000000
32031008210,2,overlap_full,1.0000000000
32031008222,2,overlap_full,1.0000000000
32031004017,2,overlap_full,1.0000000000
32031007528,2,overlap_full,1.0000000000
32031008233,2,overlap_full,1.0000000000
32031008236,2,overlap_full,1.0000000000
32031008238,2,overlap_full,1.0000000000
32031007548,2,overlap_full,1.0000000000
32031007567,2,overlap_full,1.0000000000
32031009538,2,overlap_full,1.0000000000
32031008240,2,overlap_full,1.0000000000
32031002010,2,overlap_full,1.0000000000
32031007516,2,overlap_full,1.0000000000
32031001016,2,overlap_full,1.0000000000
32031008217,2,overlap_full,1.0000000000
32031007504,2,overlap_full,1.0000000000
32031007306,2,overlap_full,1.0000000000
32031006105,2,overlap_full,1.0000000000
32031009207,2,overlap_full,1.0000000000
32031009304,2,overlap_full,1.0000000000
32031009208,2,overlap_full,1.0000000000
32031007406,2,overlap_full,1.0000000000
32031006422,2,overlap_full,1.0000000000
32031001040,2,overlap_full,1.0000000000
32031001051,2,overlap_full,1.0000000000
32031002060,2,overlap_full,1.0000000000
32031004047,2,overlap_full,1.0000000000
32031008237,2,overlap_full,1.0000000000
32031006203,2,overlap_full,1.0000000000
32031003006,2,overlap_full,1.0000000000
32031006113,2,overlap_full,1.0000000000
32031007403,2,overlap_full,1.0000000000
32031007433,2,overlap_full,1.0000000000
32031007426,2,overlap_full,1.0000000000
32031005015,2,overlap_full,1.0000000000
32031007100,2,overlap_full,1.0000000000
32031004003,2,overlap_full,1.0000000000
32031005049,2,overlap_full,1.0000000000
32031007428,2,overlap_full,1.0000000000
32031009101,2,overlap_full,1.0000000000
32031009307,2,overlap_full,1.0000000000
32031008232,2,overlap_full,1.0000000000
32031002043,2,overlap_full,1.0000000000
32031008234,2,overlap_full,1.0000000000
32031009532,2,overlap_full,1.0000000000
32031002057,2,overlap_full,1.0000000000
32031008114,2,overlap_full,1.0000000000
32017000001,4,overlap_full,1.0000000000
32017000005,4,overlap_full,1.0000000000
32017000004,4,overlap_split,0.9999986330
32017000003,4,overlap_full,1.0000000000
