geoid10,neutral_id,alloc_weight,assign_method
3200539,2,1.0000000000,overlap_full
3200540,2,1.0000000000,overlap_full
3200523,2,1.0000000000,overlap_full
3200534,2,1.0000000000,overlap_full
3200522,2,1.0000000000,overlap_full
3200533,2,1.0000000000,overlap_full
3200530,2,1.0000000000,overlap_full
3200529,2,1.0000000000,overlap_full
3200527,2,1.0000000000,overlap_full
3200531,2,1.0000000000,overlap_full
3200528,2,1.0000000000,overlap_full
3200532,2,1.0000000000,overlap_full
3201906,4,0.5489959227,overlap_split
3201906,2,0.4510040773,overlap_split
3201901,2,1.0000000000,overlap_full
3201903,2,1.0000000000,overlap_full
3201902,2,0.9981196184,overlap_split
3201902,4,0.0018803816,overlap_split
3201904,2,1.0000000000,overlap_full
3201905,2,1.0000000000,overlap_full
3201925,2,1.0000000000,overlap_full
3201912,2,1.0000000000,overlap_full
3201921,2,1.0000000000,overlap_full
3201908,4,0.9742556733,overlap_split
3201908,2,0.0257443267,overlap_split
3201916,2,1.0000000000,overlap_full
3201918,2,1.0000000000,overlap_full
3201920,2,1.0000000000,overlap_full
3201934,2,1.0000000000,overlap_full
3201940,2,1.0000000000,overlap_full
3201931,2,1.0000000000,overlap_full
3201907,2,0.9999319227,overlap_split
3201907,4,0.0000680773,overlap_split
3201919,2,1.0000000000,overlap_full
3201917,2,1.0000000000,overlap_full
3201915,2,1.0000000000,overlap_full
3201913,2,1.0000000000,overlap_full
3201914,2,1.0000000000,overlap_full
3201909,2,1.0000000000,overlap_full
3201910,2,1.0000000000,overlap_full
3201911,2,1.0000000000,overlap_full
3201922,2,1.0000000000,overlap_full
3201924,2,1.0000000000,overlap_full
3201926,2,1.0000000000,overlap_full
3201923,2,1.0000000000,overlap_full
3201928,2,1.0000000000,overlap_full
3201927,2,1.0000000000,overlap_full
3201929,2,1.0000000000,overlap_full
3201930,2,1.0000000000,overlap_full
3201932,2,1.0000000000,overlap_full
3201933,2,1.0000000000,overlap_full
3201935,2,1.0000000000,overlap_full
3201936,2,1.0000000000,overlap_full
3200107,2,1.0000000000,overlap_full
3201937,2,1.0000000000,overlap_full
3201938,2,1.0000000000,overlap_full
3200101,2,1.0000000000,overlap_full
3200102,2,1.0000000000,overlap_full
3200501,2,1.0000000000,overlap_full
3200516,2,1.0000000000,overlap_full
3200525,2,1.0000000000,overlap_full
3200519,2,1.0000000000,overlap_full
3201939,2,1.0000000000,overlap_full
3200103,2,1.0000000000,overlap_full
3200109,2,1.0000000000,overlap_full
3200104,2,1.0000000000,overlap_full
3200105,2,1.0000000000,overlap_full
3200106,2,1.0000000000,overlap_full
3200115,2,1.0000000000,overlap_full
3200111,2,1.0000000000,overlap_full
3200112,2,0.9999958622,overlap_split
3200112,4,0.0000041378,overlap_split
3200512,2,1.0000000000,overlap_full
3200515,2,1.0000000000,overlap_full
3200502,2,1.0000000000,overlap_full
3200514,2,1.0000000000,overlap_full
3200517,2,1.0000000000,overlap_full
3200508,2,1.0000000000,overlap_full
3200108,2,1.0000000000,overlap_full
3200110,2,1.0000000000,overlap_full
3200118,2,1.0000000000,overlap_full
3200113,2,1.0000000000,overlap_full
3200116,2,0.9999978435,overlap_split
3200116,4,0.0000021565,overlap_split
3200117,2,1.0000000000,overlap_full
3200119,2,1.0000000000,overlap_full
3200114,2,1.0000000000,overlap_full
3200115-03,2,1.0000000000,overlap_full
3200115-07,2,1.0000000000,overlap_full
3200518,2,1.0000000000,overlap_full
3200503,2,1.0000000000,overlap_full
3200504,2,1.0000000000,overlap_full
3200115-01,2,1.0000000000,overlap_full
3200115-02,2,1.0000000000,overlap_full
3200115-04,2,1.0000000000,overlap_full
3200115-05,2,1.0000000000,overlap_full
3200115-06,2,1.0000000000,overlap_full
3200115-09,2,1.0000000000,overlap_full
3200115-10,2,1.0000000000,overlap_full
3200107-01,2,1.0000000000,overlap_full
3200507,2,1.0000000000,overlap_full
3200513,2,1.0000000000,overlap_full
3200505,2,1.0000000000,overlap_full
3200526,2,1.0000000000,overlap_full
3200541,2,1.0000000000,overlap_full
3200108-01,2,1.0000000000,overlap_full
3200108-02,2,1.0000000000,overlap_full
3200112-01,2,1.0000000000,overlap_full
3200112-02,2,1.0000000000,overlap_full
3200112-03,2,1.0000000000,overlap_full
3200108-03,2,1.0000000000,overlap_full
3200115-08,2,1.0000000000,overlap_full
3200538,2,1.0000000000,overlap_full
3200537,2,1.0000000000,overlap_full
3200536,2,1.0000000000,overlap_full
3200535,2,1.0000000000,overlap_full
3200506,2,1.0000000000,overlap_full
3200509,2,1.0000000000,overlap_full
3200520,2,1.0000000000,overlap_full
3200510,2,1.0000000000,overlap_full
3200524,2,0.9979008362,overlap_split
3200524,4,0.0020991638,overlap_split
3200511,2,1.0000000000,overlap_full
3200521,2,1.0000000000,overlap_full
32005ZZZZZZ,2,1.0000000000,overlap_full
320330030,2,0.9999996030,overlap_split
320330030,4,0.0000003970,overlap_split
320330020,2,1.0000000000,overlap_full
320330015,2,1.0000000000,overlap_full
320330035,2,1.0000000000,overlap_full
320330010,2,1.0000000000,overlap_full
320330045,2,0.9999952911,overlap_split
320330045,4,0.0000047089,overlap_split
320330050,2,0.9999981834,overlap_split
320330050,4,0.0000018166,overlap_split
320330040,2,1.0000000000,overlap_full
320330005,2,1.0000000000,overlap_full
320330025,2,1.0000000000,overlap_full
320311035,2,1.0000000000,overlap_full
320311033,2,1.0000000000,overlap_full
320311014,2,1.0000000000,overlap_full
320314006,2,1.0000000000,overlap_full
320313011,2,1.0000000000,overlap_full
320313001,2,1.0000000000,overlap_full
320311028,2,1.0000000000,overlap_full
320318203,2,1.0000000000,overlap_full
320312049,2,1.0000000000,overlap_full
320318275,2,1.0000000000,overlap_full
320312004,2,1.0000000000,overlap_full
320312039,2,1.0000000000,overlap_full
320312007,2,1.0000000000,overlap_full
320313005,2,1.0000000000,overlap_full
320318234,2,1.0000000000,overlap_full
320313034,2,1.0000000000,overlap_full
320313006,2,1.0000000000,overlap_full
320313031,2,1.0000000000,overlap_full
320315006,2,1.0000000000,overlap_full
320313015,2,1.0000000000,overlap_full
320314000,2,1.0000000000,overlap_full
320314012,2,1.0000000000,overlap_full
320316203,2,1.0000000000,overlap_full
320311002,2,1.0000000000,overlap_full
320315016,2,1.0000000000,overlap_full
320319522,2,1.0000000000,overlap_full
320317100,2,1.0000000000,overlap_full
320319108,2,1.0000000000,overlap_full
320317524,2,1.0000000000,overlap_full
320316519,2,1.0000000000,overlap_full
320317306,2,1.0000000000,overlap_full
320317543,2,1.0000000000,overlap_full
320314043,2,1.0000000000,overlap_full
320319503,2,1.0000000000,overlap_full
320314015,2,1.0000000000,overlap_full
320319525,2,1.0000000000,overlap_full
320317414,2,1.0000000000,overlap_full
320316202,2,1.0000000000,overlap_full
320317305,2,1.0000000000,overlap_full
320317501,2,1.0000000000,overlap_full
320313017,2,1.0000000000,overlap_full
320313003,2,1.0000000000,overlap_full
320313000,2,1.0000000000,overlap_full
320317512,2,1.0000000000,overlap_full
320317308,2,1.0000000000,overlap_full
320316207,2,1.0000000000,overlap_full
320313021,2,1.0000000000,overlap_full
320313037,2,1.0000000000,overlap_full
320315027,2,1.0000000000,overlap_full
320315055,2,1.0000000000,overlap_full
320315029,2,1.0000000000,overlap_full
320311027,2,1.0000000000,overlap_full
320311017,2,1.0000000000,overlap_full
320319112,2,1.0000000000,overlap_full
320312006,2,1.0000000000,overlap_full
320312051,2,1.0000000000,overlap_full
320312011,2,1.0000000000,overlap_full
320312010,2,1.0000000000,overlap_full
320312028,2,1.0000000000,overlap_full
320312002,2,1.0000000000,overlap_full
320317539,2,1.0000000000,overlap_full
320317529,2,1.0000000000,overlap_full
320319516,2,1.0000000000,overlap_full
320317538,2,1.0000000000,overlap_full
320317525,2,1.0000000000,overlap_full
320319520,2,1.0000000000,overlap_full
320319527,2,1.0000000000,overlap_full
320319111,2,1.0000000000,overlap_full
320316423,2,1.0000000000,overlap_full
320316425,2,1.0000000000,overlap_full
320316404,2,1.0000000000,overlap_full
320313026,2,1.0000000000,overlap_full
320314039,2,1.0000000000,overlap_full
320317537,2,1.0000000000,overlap_full
320315047,2,1.0000000000,overlap_full
320315054,2,1.0000000000,overlap_full
320315039,2,1.0000000000,overlap_full
320318268,2,1.0000000000,overlap_full
320319109,2,1.0000000000,overlap_full
320311047,2,1.0000000000,overlap_full
320319504,2,1.0000000000,overlap_full
320318130,2,1.0000000000,overlap_full
320318118,2,1.0000000000,overlap_full
320318265,2,1.0000000000,overlap_full
320317508,2,1.0000000000,overlap_full
320319514,2,1.0000000000,overlap_full
320319412,2,1.0000000000,overlap_full
320319227,2,1.0000000000,overlap_full
320319228,2,1.0000000000,overlap_full
320319240,2,1.0000000000,overlap_full
320318288,2,1.0000000000,overlap_full
320319234,2,1.0000000000,overlap_full
320319233,2,1.0000000000,overlap_full
320319237,2,1.0000000000,overlap_full
320319224,2,1.0000000000,overlap_full
320319223,2,1.0000000000,overlap_full
320319236,2,1.0000000000,overlap_full
320319222,2,1.0000000000,overlap_full
320312024,2,1.0000000000,overlap_full
320319533,2,1.0000000000,overlap_full
320319217,2,1.0000000000,overlap_full
320317429,2,1.0000000000,overlap_full
320319418,2,1.0000000000,overlap_full
320319419,2,1.0000000000,overlap_full
320313009,2,1.0000000000,overlap_full
320311003,2,1.0000000000,overlap_full
320311006,2,1.0000000000,overlap_full
320318280,2,1.0000000000,overlap_full
320319103,2,1.0000000000,overlap_full
320315020,2,1.0000000000,overlap_full
320314013,2,1.0000000000,overlap_full
320319212,2,1.0000000000,overlap_full
320313010,2,1.0000000000,overlap_full
320312009,2,1.0000000000,overlap_full
320312017,2,1.0000000000,overlap_full
320318205,2,1.0000000000,overlap_full
320312021,2,1.0000000000,overlap_full
320313022,2,1.0000000000,overlap_full
320313024,2,1.0000000000,overlap_full
320313028,2,1.0000000000,overlap_full
320312008,2,1.0000000000,overlap_full
320313029,2,1.0000000000,overlap_full
320314014,2,1.0000000000,overlap_full
320317507,2,1.0000000000,overlap_full
320317551,2,1.0000000000,overlap_full
320314023,2,1.0000000000,overlap_full
320317307,2,1.0000000000,overlap_full
320315012,2,1.0000000000,overlap_full
320315026,2,1.0000000000,overlap_full
320315014,2,1.0000000000,overlap_full
320316411,2,1.0000000000,overlap_full
320316302,2,1.0000000000,overlap_full
320317540,2,1.0000000000,overlap_full
320318230,2,1.0000000000,overlap_full
320316300,2,1.0000000000,overlap_full
320316400,2,1.0000000000,overlap_full
320314028,2,1.0000000000,overlap_full
320317416,2,1.0000000000,overlap_full
320318111,2,1.0000000000,overlap_full
320319106,2,1.0000000000,overlap_full
320317509,2,1.0000000000,overlap_full
320317531,2,1.0000000000,overlap_full
320319521,2,1.0000000000,overlap_full
320317422,2,1.0000000000,overlap_full
320319404,2,1.0000000000,overlap_full
320316505,2,1.0000000000,overlap_full
320316509,2,1.0000000000,overlap_full
320312000,2,1.0000000000,overlap_full
320311036,2,1.0000000000,overlap_full
320311037,2,1.0000000000,overlap_full
320311019,2,1.0000000000,overlap_full
320315056,2,1.0000000000,overlap_full
320311039,2,1.0000000000,overlap_full
320315057,2,1.0000000000,overlap_full
320313014,2,1.0000000000,overlap_full
320314029,2,1.0000000000,overlap_full
320317411,2,1.0000000000,overlap_full
320319414,2,1.0000000000,overlap_full
320319415,2,1.0000000000,overlap_full
320319405,2,1.0000000000,overlap_full
320314045,2,1.0000000000,overlap_full
320314019,2,1.0000000000,overlap_full
320318119,2,1.0000000000,overlap_full
320318112,2,1.0000000000,overlap_full
320318121,2,1.0000000000,overlap_full
320318255,2,1.0000000000,overlap_full
320316402,2,1.0000000000,overlap_full
320317433,2,1.0000000000,overlap_full
320316304,2,1.0000000000,overlap_full
320316313,2,1.0000000000,overlap_full
320314046,2,1.0000000000,overlap_full
320312053,2,1.0000000000,overlap_full
320319211,2,1.0000000000,overlap_full
320317310,2,1.0000000000,overlap_full
320319300,2,1.0000000000,overlap_full
320315052,2,1.0000000000,overlap_full
320315050,2,1.0000000000,overlap_full
320315049,2,1.0000000000,overlap_full
320318503,2,1.0000000000,overlap_full
320318502,2,1.0000000000,overlap_full
320318129,2,1.0000000000,overlap_full
320318211,2,1.0000000000,overlap_full
320318258,2,1.0000000000,overlap_full
320318257,2,1.0000000000,overlap_full
320318206,2,1.0000000000,overlap_full
320318239,2,1.0000000000,overlap_full
320319241,2,1.0000000000,overlap_full
320317430,2,1.0000000000,overlap_full
320317427,2,1.0000000000,overlap_full
320317567,2,1.0000000000,overlap_full
320319119,2,1.0000000000,overlap_full
320315023,2,1.0000000000,overlap_full
320319530,2,1.0000000000,overlap_full
320318287,2,1.0000000000,overlap_full
320317428,2,1.0000000000,overlap_full
320319121,2,1.0000000000,overlap_full
320319538,2,1.0000000000,overlap_full
320319229,2,1.0000000000,overlap_full
320319420,2,1.0000000000,overlap_full
320319421,2,1.0000000000,overlap_full
320319423,2,1.0000000000,overlap_full
320319424,2,1.0000000000,overlap_full
320319422,2,1.0000000000,overlap_full
320319425,2,1.0000000000,overlap_full
320316316,2,1.0000000000,overlap_full
320315032,2,1.0000000000,overlap_full
320312026,2,1.0000000000,overlap_full
320319202,2,1.0000000000,overlap_full
320318216,2,1.0000000000,overlap_full
320311012,2,1.0000000000,overlap_full
320318101,2,1.0000000000,overlap_full
320318124,2,1.0000000000,overlap_full
320312030,2,1.0000000000,overlap_full
320313016,2,1.0000000000,overlap_full
320312025,2,1.0000000000,overlap_full
320319214,2,1.0000000000,overlap_full
320312050,2,1.0000000000,overlap_full
320313033,2,1.0000000000,overlap_full
320319208,2,1.0000000000,overlap_full
320319200,2,1.0000000000,overlap_full
320313038,2,1.0000000000,overlap_full
320312045,2,1.0000000000,overlap_full
320314016,2,1.0000000000,overlap_full
320317557,2,1.0000000000,overlap_full
320315018,2,1.0000000000,overlap_full
320311045,2,1.0000000000,overlap_full
320311057,2,1.0000000000,overlap_full
320316511,2,1.0000000000,overlap_full
320314048,2,1.0000000000,overlap_full
320314031,2,1.0000000000,overlap_full
320314026,2,1.0000000000,overlap_full
320317535,2,1.0000000000,overlap_full
320316103,2,1.0000000000,overlap_full
320312031,2,1.0000000000,overlap_full
320318220,2,1.0000000000,overlap_full
320318231,2,1.0000000000,overlap_full
320318245,2,1.0000000000,overlap_full
320318223,2,1.0000000000,overlap_full
320316504,2,1.0000000000,overlap_full
320316211,2,1.0000000000,overlap_full
320316109,2,1.0000000000,overlap_full
320316105,2,1.0000000000,overlap_full
320316106,2,1.0000000000,overlap_full
320319407,2,1.0000000000,overlap_full
320319518,2,1.0000000000,overlap_full
320317421,2,1.0000000000,overlap_full
320311016,2,1.0000000000,overlap_full
320311043,2,1.0000000000,overlap_full
320311010,2,1.0000000000,overlap_full
320312040,2,1.0000000000,overlap_full
320312013,2,1.0000000000,overlap_full
320311009,2,1.0000000000,overlap_full
320319406,2,1.0000000000,overlap_full
320319408,2,1.0000000000,overlap_full
320317413,2,1.0000000000,overlap_full
320317417,2,1.0000000000,overlap_full
320316301,2,1.0000000000,overlap_full
320316308,2,1.0000000000,overlap_full
320316314,2,1.0000000000,overlap_full
320316303,2,1.0000000000,overlap_full
320316306,2,1.0000000000,overlap_full
320316112,2,1.0000000000,overlap_full
320319301,2,1.0000000000,overlap_full
320314021,2,1.0000000000,overlap_full
320314011,2,1.0000000000,overlap_full
320314010,2,1.0000000000,overlap_full
320314008,2,1.0000000000,overlap_full
320317510,2,1.0000000000,overlap_full
320311053,2,1.0000000000,overlap_full
320318500,2,1.0000000000,overlap_full
320311040,2,1.0000000000,overlap_full
320318501,2,1.0000000000,overlap_full
320318237,2,1.0000000000,overlap_full
320318238,2,1.0000000000,overlap_full
320318271,2,1.0000000000,overlap_full
320318207,2,1.0000000000,overlap_full
320317424,2,1.0000000000,overlap_full
320319537,2,1.0000000000,overlap_full
320319114,2,1.0000000000,overlap_full
320319231,2,1.0000000000,overlap_full
320319230,2,1.0000000000,overlap_full
320317558,2,1.0000000000,overlap_full
320317566,2,1.0000000000,overlap_full
320319305,2,1.0000000000,overlap_full
320316309,2,1.0000000000,overlap_full
320316315,2,1.0000000000,overlap_full
320319400,2,1.0000000000,overlap_full
320311018,2,1.0000000000,overlap_full
320311000,2,1.0000000000,overlap_full
320311026,2,1.0000000000,overlap_full
320311032,2,1.0000000000,overlap_full
320311038,2,1.0000000000,overlap_full
320311013,2,1.0000000000,overlap_full
320311049,2,1.0000000000,overlap_full
320311048,2,1.0000000000,overlap_full
320311050,2,1.0000000000,overlap_full
320313012,2,1.0000000000,overlap_full
320313007,2,1.0000000000,overlap_full
320313004,2,1.0000000000,overlap_full
320312005,2,1.0000000000,overlap_full
320313002,2,1.0000000000,overlap_full
320316107,2,1.0000000000,overlap_full
320318225,2,1.0000000000,overlap_full
320318200,2,1.0000000000,overlap_full
320319207,2,1.0000000000,overlap_full
320312023,2,1.0000000000,overlap_full
320319238,2,1.0000000000,overlap_full
320314037,2,1.0000000000,overlap_full
320314024,2,1.0000000000,overlap_full
320318202,2,1.0000000000,overlap_full
320317309,2,1.0000000000,overlap_full
320315022,2,1.0000000000,overlap_full
320315024,2,1.0000000000,overlap_full
320312057,2,1.0000000000,overlap_full
320312059,2,1.0000000000,overlap_full
320315007,2,1.0000000000,overlap_full
320318221,2,1.0000000000,overlap_full
320318244,2,1.0000000000,overlap_full
320318229,2,1.0000000000,overlap_full
320316506,2,1.0000000000,overlap_full
320316102,2,1.0000000000,overlap_full
320316104,2,1.0000000000,overlap_full
320318261,2,1.0000000000,overlap_full
320318262,2,1.0000000000,overlap_full
320318232,2,1.0000000000,overlap_full
320318254,2,1.0000000000,overlap_full
320319204,2,1.0000000000,overlap_full
320317409,2,1.0000000000,overlap_full
320314005,2,1.0000000000,overlap_full
320317304,2,1.0000000000,overlap_full
320317514,2,1.0000000000,overlap_full
320317504,2,1.0000000000,overlap_full
320311029,2,1.0000000000,overlap_full
320312016,2,1.0000000000,overlap_full
320318218,2,1.0000000000,overlap_full
320317407,2,1.0000000000,overlap_full
320319512,2,1.0000000000,overlap_full
320319513,2,1.0000000000,overlap_full
320317548,2,1.0000000000,overlap_full
320318120,2,1.0000000000,overlap_full
320318251,2,1.0000000000,overlap_full
320318252,2,1.0000000000,overlap_full
320319105,2,1.0000000000,overlap_full
320316407,2,1.0000000000,overlap_full
320316520,2,1.0000000000,overlap_full
320317404,2,1.0000000000,overlap_full
320316508,2,1.0000000000,overlap_full
320315035,2,1.0000000000,overlap_full
320315011,2,1.0000000000,overlap_full
320317516,2,1.0000000000,overlap_full
320175,4,1.0000000000,overlap_full
320174,4,0.9999986330,overlap_split
320174,2,0.0000013670,overlap_split
320172,4,1.0000000000,overlap_full
320173,4,1.0000000000,overlap_full
320318263,2,1.0000000000,overlap_full
320318228,2,1.0000000000,overlap_full
320318233,2,1.0000000000,overlap_full
320315053,2,1.0000000000,overlap_full
320315059,2,1.0000000000,overlap_full
320315048,2,1.0000000000,overlap_full
320315046,2,1.0000000000,overlap_full
320319534,2,1.0000000000,overlap_full
320314050,2,1.0000000000,overlap_full
320314018,2,1.0000000000,overlap_full
320071,2,1.0000000000,overlap_full
320092,4,1.0000000000,overlap_full
320091,4,1.0000000000,overlap_full
320095,4,1.0000000000,overlap_full
320094,4,1.0000000000,overlap_full
320311031,2,1.0000000000,overlap_full
320311024,2,1.0000000000,overlap_full
320311022,2,1.0000000000,overlap_full
320318213,2,1.0000000000,overlap_full
320317300,2,1.0000000000,overlap_full
320313013,2,1.0000000000,overlap_full
320312001,2,1.0000000000,overlap_full
320312003,2,1.0000000000,overlap_full
320312022,2,1.0000000000,overlap_full
320319519,2,1.0000000000,overlap_full
320312020,2,1.0000000000,overlap_full
320318217,2,1.0000000000,overlap_full
320317556,2,1.0000000000,overlap_full
320314007,2,1.0000000000,overlap_full
320317545,2,1.0000000000,overlap_full
320317527,2,1.0000000000,overlap_full
320317546,2,1.0000000000,overlap_full
320314003,2,1.0000000000,overlap_full
320319515,2,1.0000000000,overlap_full
320319304,2,1.0000000000,overlap_full
320317500,2,1.0000000000,overlap_full
320315013,2,1.0000000000,overlap_full
320311055,2,1.0000000000,overlap_full
320315036,2,1.0000000000,overlap_full
320316416,2,1.0000000000,overlap_full
320316418,2,1.0000000000,overlap_full
320319213,2,1.0000000000,overlap_full
320318235,2,1.0000000000,overlap_full
320317542,2,1.0000000000,overlap_full
32031ZZZZZZ,2,1.0000000000,overlap_full
320318104,2,1.0000000000,overlap_full
320315043,2,1.0000000000,overlap_full
320319501,2,1.0000000000,overlap_full
320317401,2,1.0000000000,overlap_full
320317402,2,1.0000000000,overlap_full
320316516,2,1.0000000000,overlap_full
320316501,2,1.0000000000,overlap_full
320317311,2,1.0000000000,overlap_full
320317301,2,1.0000000000,overlap_full
320317520,2,1.0000000000,overlap_full
320319102,2,1.0000000000,overlap_full
320318266,2,1.0000000000,overlap_full
320318256,2,1.0000000000,overlap_full
320317553,2,1.0000000000,overlap_full
320311020,2,1.0000000000,overlap_full
320311023,2,1.0000000000,overlap_full
320318102,2,1.0000000000,overlap_full
320319506,2,1.0000000000,overlap_full
320319115,2,1.0000000000,overlap_full
320318100,2,1.0000000000,overlap_full
320318270,2,1.0000000000,overlap_full
320318278,2,1.0000000000,overlap_full
320318277,2,1.0000000000,overlap_full
320318253,2,1.0000000000,overlap_full
320318215,2,1.0000000000,overlap_full
320319535,2,1.0000000000,overlap_full
320314038,2,1.0000000000,overlap_full
320315034,2,1.0000000000,overlap_full
320315019,2,1.0000000000,overlap_full
320171,4,1.0000000000,overlap_full
320072,2,1.0000000000,overlap_full
3200719,2,1.0000000000,overlap_full
320073,2,1.0000000000,overlap_full
320093,4,1.0000000000,overlap_full
320312018,2,1.0000000000,overlap_full
320318226,2,1.0000000000,overlap_full
320313020,2,1.0000000000,overlap_full
320312032,2,1.0000000000,overlap_full
320314049,2,1.0000000000,overlap_full
320313036,2,1.0000000000,overlap_full
320317528,2,1.0000000000,overlap_full
320317549,2,1.0000000000,overlap_full
320315008,2,1.0000000000,overlap_full
320316310,2,1.0000000000,overlap_full
320316405,2,1.0000000000,overlap_full
320314025,2,1.0000000000,overlap_full
320316111,2,1.0000000000,overlap_full
320318209,2,1.0000000000,overlap_full
320318210,2,1.0000000000,overlap_full
320318201,2,1.0000000000,overlap_full
320318236,2,1.0000000000,overlap_full
320318274,2,1.0000000000,overlap_full
320318250,2,1.0000000000,overlap_full
320317552,2,1.0000000000,overlap_full
320317519,2,1.0000000000,overlap_full
320317547,2,1.0000000000,overlap_full
320317408,2,1.0000000000,overlap_full
320317418,2,1.0000000000,overlap_full
320317541,2,1.0000000000,overlap_full
320316419,2,1.0000000000,overlap_full
320316500,2,1.0000000000,overlap_full
320316403,2,1.0000000000,overlap_full
320316422,2,1.0000000000,overlap_full
320318106,2,1.0000000000,overlap_full
320318125,2,1.0000000000,overlap_full
320318126,2,1.0000000000,overlap_full
320318273,2,1.0000000000,overlap_full
320314041,2,1.0000000000,overlap_full
320314017,2,1.0000000000,overlap_full
320314035,2,1.0000000000,overlap_full
320311007,2,1.0000000000,overlap_full
320311005,2,1.0000000000,overlap_full
320318103,2,1.0000000000,overlap_full
320312034,2,1.0000000000,overlap_full
320312029,2,1.0000000000,overlap_full
320318247,2,1.0000000000,overlap_full
320318208,2,1.0000000000,overlap_full
320318241,2,1.0000000000,overlap_full
320318246,2,1.0000000000,overlap_full
320312038,2,1.0000000000,overlap_full
320318243,2,1.0000000000,overlap_full
320318248,2,1.0000000000,overlap_full
320312044,2,1.0000000000,overlap_full
320319539,2,1.0000000000,overlap_full
320317565,2,1.0000000000,overlap_full
320319531,2,1.0000000000,overlap_full
320316307,2,1.0000000000,overlap_full
320317562,2,1.0000000000,overlap_full
320319532,2,1.0000000000,overlap_full
320078,2,1.0000000000,overlap_full
3200711,2,1.0000000000,overlap_full
320079,2,1.0000000000,overlap_full
320075,2,1.0000000000,overlap_full
320315000,2,1.0000000000,overlap_full
320315033,2,1.0000000000,overlap_full
320315058,2,1.0000000000,overlap_full
320317101,2,1.0000000000,overlap_full
320316113,2,1.0000000000,overlap_full
320316110,2,1.0000000000,overlap_full
320317406,2,1.0000000000,overlap_full
320316311,2,1.0000000000,overlap_full
320316108,2,1.0000000000,overlap_full
320314022,2,1.0000000000,overlap_full
320316208,2,1.0000000000,overlap_full
320318222,2,1.0000000000,overlap_full
320317506,2,1.0000000000,overlap_full
320312048,2,1.0000000000,overlap_full
320312054,2,1.0000000000,overlap_full
320312047,2,1.0000000000,overlap_full
320312058,2,1.0000000000,overlap_full
320318259,2,1.0000000000,overlap_full
320317521,2,1.0000000000,overlap_full
320319507,2,1.0000000000,overlap_full
320317536,2,1.0000000000,overlap_full
320317522,2,1.0000000000,overlap_full
320317426,2,1.0000000000,overlap_full
320316413,2,1.0000000000,overlap_full
320317403,2,1.0000000000,overlap_full
320316412,2,1.0000000000,overlap_full
320319417,2,1.0000000000,overlap_full
320316426,2,1.0000000000,overlap_full
320318212,2,1.0000000000,overlap_full
320313032,2,1.0000000000,overlap_full
320315041,2,1.0000000000,overlap_full
320315040,2,1.0000000000,overlap_full
320312027,2,1.0000000000,overlap_full
320312012,2,1.0000000000,overlap_full
320319107,2,1.0000000000,overlap_full
320319216,2,1.0000000000,overlap_full
320312052,2,1.0000000000,overlap_full
320312037,2,1.0000000000,overlap_full
320319205,2,1.0000000000,overlap_full
320318240,2,1.0000000000,overlap_full
320318260,2,1.0000000000,overlap_full
320312041,2,1.0000000000,overlap_full
320319209,2,1.0000000000,overlap_full
320317563,2,1.0000000000,overlap_full
320317564,2,1.0000000000,overlap_full
320316206,2,1.0000000000,overlap_full
320316212,2,1.0000000000,overlap_full
320315061,2,1.0000000000,overlap_full
320315060,2,1.0000000000,overlap_full
320315051,2,1.0000000000,overlap_full
320311052,2,1.0000000000,overlap_full
320315015,2,1.0000000000,overlap_full
3200715,2,1.0000000000,overlap_full
3200725,2,1.0000000000,overlap_full
3200724,2,1.0000000000,overlap_full
3200741,2,1.0000000000,overlap_full
320319210,2,1.0000000000,overlap_full
320318105,2,1.0000000000,overlap_full
320318116,2,1.0000000000,overlap_full
320319511,2,1.0000000000,overlap_full
320317523,2,1.0000000000,overlap_full
320316420,2,1.0000000000,overlap_full
320316503,2,1.0000000000,overlap_full
320317410,2,1.0000000000,overlap_full
320317503,2,1.0000000000,overlap_full
320315031,2,1.0000000000,overlap_full
320315030,2,1.0000000000,overlap_full
320317532,2,1.0000000000,overlap_full
320315045,2,1.0000000000,overlap_full
320318114,2,1.0000000000,overlap_full
320318204,2,1.0000000000,overlap_full
320319203,2,1.0000000000,overlap_full
320312035,2,1.0000000000,overlap_full
320312033,2,1.0000000000,overlap_full
320312036,2,1.0000000000,overlap_full
320312042,2,1.0000000000,overlap_full
320312055,2,1.0000000000,overlap_full
320318214,2,1.0000000000,overlap_full
320318279,2,1.0000000000,overlap_full
320318281,2,1.0000000000,overlap_full
320319215,2,1.0000000000,overlap_full
320315062,2,1.0000000000,overlap_full
320311051,2,1.0000000000,overlap_full
320318122,2,1.0000000000,overlap_full
320319122,2,1.0000000000,overlap_full
320316317,2,1.0000000000,overlap_full
320319120,2,1.0000000000,overlap_full
3200723,2,1.0000000000,overlap_full
3200726,2,1.0000000000,overlap_full
3200729,2,1.0000000000,overlap_full
3200732,2,1.0000000000,overlap_full
3200713,2,1.0000000000,overlap_full
3200712,2,1.0000000000,overlap_full
3200728,2,1.0000000000,overlap_full
3200731,2,1.0000000000,overlap_full
320077,2,1.0000000000,overlap_full
3200738,2,1.0000000000,overlap_full
320154,2,1.0000000000,overlap_full
320151,2,1.0000000000,overlap_full
320152,2,1.0000000000,overlap_full
320153,2,1.0000000000,overlap_full
320155,2,1.0000000000,overlap_full
320156,2,0.9999985320,overlap_split
320156,4,0.0000014680,overlap_split
320317517,2,1.0000000000,overlap_full
320317502,2,1.0000000000,overlap_full
320317513,2,1.0000000000,overlap_full
320319523,2,1.0000000000,overlap_full
320311046,2,1.0000000000,overlap_full
320312046,2,1.0000000000,overlap_full
320318123,2,1.0000000000,overlap_full
320319113,2,1.0000000000,overlap_full
320318127,2,1.0000000000,overlap_full
320318128,2,1.0000000000,overlap_full
320317434,2,1.0000000000,overlap_full
320319413,2,1.0000000000,overlap_full
320319411,2,1.0000000000,overlap_full
320319410,2,1.0000000000,overlap_full
320319409,2,1.0000000000,overlap_full
320318276,2,1.0000000000,overlap_full
320318283,2,1.0000000000,overlap_full
320313035,2,1.0000000000,overlap_full
320319100,2,1.0000000000,overlap_full
320318131,2,1.0000000000,overlap_full
320318132,2,1.0000000000,overlap_full
320311004,2,1.0000000000,overlap_full
320319117,2,1.0000000000,overlap_full
320319118,2,1.0000000000,overlap_full
320312014,2,1.0000000000,overlap_full
320319243,2,1.0000000000,overlap_full
320319244,2,1.0000000000,overlap_full
320312043,2,1.0000000000,overlap_full
320318267,2,1.0000000000,overlap_full
320319218,2,1.0000000000,overlap_full
320319225,2,1.0000000000,overlap_full
320318284,2,1.0000000000,overlap_full
3200733,2,1.0000000000,overlap_full
3200718,2,1.0000000000,overlap_full
3200730,2,1.0000000000,overlap_full
3200739,2,1.0000000000,overlap_full
3200737,2,1.0000000000,overlap_full
3200721,2,1.0000000000,overlap_full
320159,2,1.0000000000,overlap_full
320158,2,1.0000000000,overlap_full
320157,2,1.0000000000,overlap_full
320319226,2,1.0000000000,overlap_full
320318285,2,1.0000000000,overlap_full
320318286,2,1.0000000000,overlap_full
320319219,2,1.0000000000,overlap_full
320319220,2,1.0000000000,overlap_full
320319235,2,1.0000000000,overlap_full
320319221,2,1.0000000000,overlap_full
320312060,2,1.0000000000,overlap_full
320319239,2,1.0000000000,overlap_full
320319232,2,1.0000000000,overlap_full
320319101,2,1.0000000000,overlap_full
320319116,2,1.0000000000,overlap_full
320319242,2,1.0000000000,overlap_full
3200720,2,1.0000000000,overlap_full
3200736,2,1.0000000000,overlap_full
3200735,2,1.0000000000,overlap_full
3200734,2,1.0000000000,overlap_full
3200727,2,1.0000000000,overlap_full
3200740,2,1.0000000000,overlap_full
3200722,2,1.0000000000,overlap_full
320314004,2,1.0000000000,overlap_full
320313018,2,1.0000000000,overlap_full
320314033,2,1.0000000000,overlap_full
320315010,2,1.0000000000,overlap_full
320315001,2,1.0000000000,overlap_full
3200717,2,1.0000000000,overlap_full
3200716,2,1.0000000000,overlap_full
3200710,2,1.0000000000,overlap_full
320311056,2,1.0000000000,overlap_full
320311044,2,1.0000000000,overlap_full
320315009,2,1.0000000000,overlap_full
320317511,2,1.0000000000,overlap_full
320316100,2,1.0000000000,overlap_full
320318219,2,1.0000000000,overlap_full
320313019,2,1.0000000000,overlap_full
320271,2,1.0000000000,overlap_full
320275,2,1.0000000000,overlap_full
320277,2,1.0000000000,overlap_full
320314036,2,1.0000000000,overlap_full
320317544,2,1.0000000000,overlap_full
320316513,2,1.0000000000,overlap_full
320316517,2,1.0000000000,overlap_full
320318227,2,1.0000000000,overlap_full
320316514,2,1.0000000000,overlap_full
320318107,2,1.0000000000,overlap_full
320316415,2,1.0000000000,overlap_full
320318117,2,1.0000000000,overlap_full
320317419,2,1.0000000000,overlap_full
320319416,2,1.0000000000,overlap_full
320317423,2,1.0000000000,overlap_full
320318115,2,1.0000000000,overlap_full
320317412,2,1.0000000000,overlap_full
320318264,2,1.0000000000,overlap_full
320273,2,1.0000000000,overlap_full
320274,2,1.0000000000,overlap_full
320276,2,1.0000000000,overlap_full
320318108,2,1.0000000000,overlap_full
320318110,2,1.0000000000,overlap_full
320318109,2,1.0000000000,overlap_full
320317505,2,1.0000000000,overlap_full
320318242,2,1.0000000000,overlap_full
320317303,2,1.0000000000,overlap_full
320319307,2,1.0000000000,overlap_full
320317425,2,1.0000000000,overlap_full
320317415,2,1.0000000000,overlap_full
320317400,2,1.0000000000,overlap_full
320317526,2,1.0000000000,overlap_full
320319306,2,1.0000000000,overlap_full
320319302,2,1.0000000000,overlap_full
320317515,2,1.0000000000,overlap_full
320317533,2,1.0000000000,overlap_full
320317534,2,1.0000000000,overlap_full
320316209,2,1.0000000000,overlap_full
320316210,2,1.0000000000,overlap_full
320317518,2,1.0000000000,overlap_full
320316205,2,1.0000000000,overlap_full
320317550,2,1.0000000000,overlap_full
320319524,2,1.0000000000,overlap_full
320319303,2,1.0000000000,overlap_full
320319510,2,1.0000000000,overlap_full
320314042,2,1.0000000000,overlap_full
320316507,2,1.0000000000,overlap_full
320319526,2,1.0000000000,overlap_full
320317302,2,1.0000000000,overlap_full
3200714,2,1.0000000000,overlap_full
320076,2,1.0000000000,overlap_full
320074,2,1.0000000000,overlap_full
320314009,2,1.0000000000,overlap_full
320314032,2,1.0000000000,overlap_full
320314047,2,1.0000000000,overlap_full
320314020,2,1.0000000000,overlap_full
320316201,2,1.0000000000,overlap_full
320316101,2,1.0000000000,overlap_full
32510213,2,1.0000000000,overlap_full
32510113,2,1.0000000000,overlap_full
32510107,2,1.0000000000,overlap_full
32510109,2,1.0000000000,overlap_full
32510111,2,1.0000000000,overlap_full
32510211,2,1.0000000000,overlap_full
32510309,2,1.0000000000,overlap_full
32510307,2,1.0000000000,overlap_full
32510209,2,1.0000000000,overlap_full
32510207,2,1.0000000000,overlap_full
32510205,2,1.0000000000,overlap_full
32510203,2,1.0000000000,overlap_full
32510405,2,1.0000000000,overlap_full
32510305,2,1.0000000000,overlap_full
32510303,2,1.0000000000,overlap_full
32510403,2,1.0000000000,overlap_full
32510401,2,1.0000000000,overlap_full
32510201,2,1.0000000000,overlap_full
32510103,2,1.0000000000,overlap_full
32510101,2,1.0000000000,overlap_full
32510311,2,1.0000000000,overlap_full
32510105,2,1.0000000000,overlap_full
32510409,2,1.0000000000,overlap_full
32510407,2,1.0000000000,overlap_full
32510411,2,1.0000000000,overlap_full
32510301,2,1.0000000000,overlap_full
3202304,4,0.9999955863,overlap_split
3202304,2,0.0000044137,overlap_split
3202305,4,0.9999978019,overlap_split
3202305,2,0.0000021981,overlap_split
3202335,4,0.9999999161,overlap_split
3202335,2,0.0000000839,overlap_split
3202307,4,0.9999996907,overlap_split
3202307,2,0.0000003093,overlap_split
3202315,4,1.0000000000,overlap_full
3202302,4,0.9999990604,overlap_split
3202302,2,0.0000009396,overlap_split
3202308,4,1.0000000000,overlap_full
3202303,4,0.9999917272,overlap_split
3202303,2,0.0000082728,overlap_split
3202313,4,0.9999988093,overlap_split
3202313,2,0.0000011907,overlap_split
3202314,4,1.0000000000,overlap_full
3202301,4,1.0000000000,overlap_full
3202318,4,1.0000000000,overlap_full
3202306,4,1.0000000000,overlap_full
3202321,4,1.0000000000,overlap_full
3202332,4,1.0000000000,overlap_full
3202326,4,1.0000000000,overlap_full
3202310,4,1.0000000000,overlap_full
3202330,4,1.0000000000,overlap_full
3202331,4,1.0000000000,overlap_full
3202327,4,1.0000000000,overlap_full
3202324,4,1.0000000000,overlap_full
320292,2,1.0000000000,overlap_full
320291,2,1.0000000000,overlap_full
3202910,2,1.0000000000,overlap_full
3202317,4,1.0000000000,overlap_full
3202323,4,1.0000000000,overlap_full
3202312,4,1.0000000000,overlap_full
320296,2,1.0000000000,overlap_full
320293,2,1.0000000000,overlap_full
320295,2,1.0000000000,overlap_full
3202911,2,1.0000000000,overlap_full
3202912,2,1.0000000000,overlap_full
3202913,2,1.0000000000,overlap_full
3202316,4,1.0000000000,overlap_full
3202319,4,1.0000000000,overlap_full
3202914,2,1.0000000000,overlap_full
3202915,2,1.0000000000,overlap_full
320297,2,1.0000000000,overlap_full
320298,2,1.0000000000,overlap_full
320294,2,1.0000000000,overlap_full
320299,2,1.0000000000,overlap_full
3202329,4,1.0000000000,overlap_full
3202328,4,1.0000000000,overlap_full
3202322,4,1.0000000000,overlap_full
3202320,4,1.0000000000,overlap_full
3202311,4,1.0000000000,overlap_full
3202325,4,1.0000000000,overlap_full
3202309,4,1.0000000000,overlap_full
320111,2,1.0000000000,overlap_full
320112,2,0.9999995696,overlap_split
320112,4,0.0000004304,overlap_split
320113,2,1.0000000000,overlap_full
320114,2,1.0000000000,overlap_full
320217,4,0.9990575063,overlap_split
320217,2,0.0009424937,overlap_split
320211,4,1.0000000000,overlap_full
320212,4,1.0000000000,overlap_full
320213,4,1.0000000000,overlap_full
320215,4,1.0000000000,overlap_full
320214,4,1.0000000000,overlap_full
320216,4,1.0000000000,overlap_full
3202111,4,0.9996113582,overlap_split
3202111,2,0.0003886418,overlap_split
320219,4,0.9999978165,overlap_split
320219,2,0.0000021835,overlap_split
320218,4,1.0000000000,overlap_full
3202110,4,1.0000000000,overlap_full
3202112,4,1.0000000000,overlap_full
320131,2,1.0000000000,overlap_full
320135,2,1.0000000000,overlap_full
320132,2,1.0000000000,overlap_full
320134,2,1.0000000000,overlap_full
320133,2,1.0000000000,overlap_full
320136,2,1.0000000000,overlap_full
320138,2,1.0000000000,overlap_full
3201311,2,1.0000000000,overlap_full
3201310,2,1.0000000000,overlap_full
3201313,2,1.0000000000,overlap_full
320137-1,2,1.0000000000,overlap_full
3201314,2,1.0000000000,overlap_full
3201312,2,1.0000000000,overlap_full
320139,2,1.0000000000,overlap_full
3201315,2,1.0000000000,overlap_full
320137-2,2,1.0000000000,overlap_full
320036451,4,1.0000000000,overlap_full
320036452,4,1.0000000000,overlap_full
320036473,4,0.9998389826,overlap_split
320036473,3,0.0001610174,overlap_split
320036461,4,1.0000000000,overlap_full
320037390,3,1.0000000000,overlap_full
320037334,3,1.0000000000,overlap_full
320037335,3,1.0000000000,overlap_full
320036430,4,1.0000000000,overlap_full
320033315,4,1.0000000000,overlap_full
320033316,4,1.0000000000,overlap_full
320036423,4,1.0000000000,overlap_full
320036421,4,0.9998650978,overlap_split
320036421,1,0.0001349022,overlap_split
320033314,4,1.0000000000,overlap_full
320036390,4,0.9951112656,overlap_split
320036390,1,0.0048887344,overlap_split
320036391,1,0.9963699437,overlap_split
320036391,4,0.0036300563,overlap_split
320036392,1,1.0000000000,overlap_full
320036374,1,1.0000000000,overlap_full
320035430,1,1.0000000000,overlap_full
320035432,1,1.0000000000,overlap_full
320035425,1,1.0000000000,overlap_full
320036365,4,0.9999542323,overlap_split
320036365,1,0.0000457677,overlap_split
320036363,4,1.0000000000,overlap_full
320036364,4,1.0000000000,overlap_full
320036354,4,1.0000000000,overlap_full
320036352,4,0.9998272085,overlap_split
320036352,1,0.0001727915,overlap_split
320036353,4,1.0000000000,overlap_full
320036351,4,0.9995632018,overlap_split
320036351,1,0.0004367982,overlap_split
320036350,4,1.0000000000,overlap_full
320036334,4,1.0000000000,overlap_full
320036335,4,1.0000000000,overlap_full
320036315,4,1.0000000000,overlap_full
320036316,4,1.0000000000,overlap_full
320036314,4,1.0000000000,overlap_full
320033482,4,0.9999397164,overlap_split
320033482,1,0.0000602836,overlap_split
320033382,4,1.0000000000,overlap_full
320033364,4,1.0000000000,overlap_full
320033225,4,1.0000000000,overlap_full
320033362,4,1.0000000000,overlap_full
320033469,4,1.0000000000,overlap_full
320033498,4,1.0000000000,overlap_full
320033480,4,1.0000000000,overlap_full
320033499,4,1.0000000000,overlap_full
320033477,4,1.0000000000,overlap_full
320033456,4,1.0000000000,overlap_full
320033520,4,1.0000000000,overlap_full
320033521,4,1.0000000000,overlap_full
320034323,4,1.0000000000,overlap_full
320034321,4,0.9998960606,overlap_split
320034321,1,0.0001039394,overlap_split
320033504,4,1.0000000000,overlap_full
320033548,4,0.9999949357,overlap_split
320033548,1,0.0000050643,overlap_split
320033505,4,1.0000000000,overlap_full
320032395,1,1.0000000000,overlap_full
320032483,1,1.0000000000,overlap_full
320032481,1,1.0000000000,overlap_full
320032401,1,1.0000000000,overlap_full
320032374,1,1.0000000000,overlap_full
320032375,1,1.0000000000,overlap_full
320032404,1,1.0000000000,overlap_full
320032407,1,1.0000000000,overlap_full
320035323,1,1.0000000000,overlap_full
320034370,1,1.0000000000,overlap_full
320034371,1,1.0000000000,overlap_full
320035322,1,1.0000000000,overlap_full
320034347,1,1.0000000000,overlap_full
320034385,1,1.0000000000,overlap_full
320034386,1,1.0000000000,overlap_full
320032331,4,1.0000000000,overlap_full
320032307,4,1.0000000000,overlap_full
320032314,4,1.0000000000,overlap_full
320032301,4,1.0000000000,overlap_full
320034460,1,1.0000000000,overlap_full
320034462,1,1.0000000000,overlap_full
320034311,1,1.0000000000,overlap_full
320032426,1,1.0000000000,overlap_full
320036443,4,1.0000000000,overlap_full
320036432,4,1.0000000000,overlap_full
320036062,4,1.0000000000,overlap_full
320031331,3,1.0000000000,overlap_full
320031330,3,1.0000000000,overlap_full
320031333,3,1.0000000000,overlap_full
320031350,3,1.0000000000,overlap_full
320031451,3,1.0000000000,overlap_full
320031452,3,1.0000000000,overlap_full
320031453,3,1.0000000000,overlap_full
320031454,3,1.0000000000,overlap_full
320031403,3,1.0000000000,overlap_full
320031401,3,1.0000000000,overlap_full
320031405,3,1.0000000000,overlap_full
320031396,3,1.0000000000,overlap_full
320031410,3,1.0000000000,overlap_full
320031424,3,1.0000000000,overlap_full
320031422,3,1.0000000000,overlap_full
320037412,3,1.0000000000,overlap_full
320037415,3,1.0000000000,overlap_full
320037417,3,1.0000000000,overlap_full
320037346,3,1.0000000000,overlap_full
320037344,3,1.0000000000,overlap_full
320037908,3,1.0000000000,overlap_full
320037354,3,1.0000000000,overlap_full
320037360,3,1.0000000000,overlap_full
320031149,3,1.0000000000,overlap_full
320031355,3,1.0000000000,overlap_full
320031349,3,1.0000000000,overlap_full
320031389,3,1.0000000000,overlap_full
320031520,3,1.0000000000,overlap_full
320031519,3,1.0000000000,overlap_full
320031518,3,1.0000000000,overlap_full
320031533,3,1.0000000000,overlap_full
320031930,3,1.0000000000,overlap_full
320031500,1,0.9972087090,overlap_split
320031500,3,0.0027912910,overlap_split
320031502,1,0.8404497459,overlap_split
320031502,3,0.1595502541,overlap_split
320032320,4,1.0000000000,overlap_full
320033431,4,1.0000000000,overlap_full
320033430,4,1.0000000000,overlap_full
320033465,4,1.0000000000,overlap_full
320033461,4,1.0000000000,overlap_full
320031373,3,1.0000000000,overlap_full
320031377,3,1.0000000000,overlap_full
320031907,3,1.0000000000,overlap_full
320031964,3,1.0000000000,overlap_full
320031376,3,1.0000000000,overlap_full
320031374,3,1.0000000000,overlap_full
320031386,3,1.0000000000,overlap_full
320031909,3,1.0000000000,overlap_full
320031960,3,1.0000000000,overlap_full
320031959,3,1.0000000000,overlap_full
320031961,3,1.0000000000,overlap_full
320031381,3,1.0000000000,overlap_full
320036462,4,1.0000000000,overlap_full
320036463,4,1.0000000000,overlap_full
320036545,4,1.0000000000,overlap_full
320036471,4,1.0000000000,overlap_full
320036470,4,1.0000000000,overlap_full
320036475,4,0.9997076299,overlap_split
320036475,3,0.0002923701,overlap_split
320036476,4,1.0000000000,overlap_full
320033313,4,1.0000000000,overlap_full
320033325,4,1.0000000000,overlap_full
320033324,4,1.0000000000,overlap_full
320033300,4,0.9999800372,overlap_split
320033300,1,0.0000199628,overlap_split
320037038,3,1.0000000000,overlap_full
320037036,3,1.0000000000,overlap_full
320037330,3,1.0000000000,overlap_full
320037033,3,0.9999570438,overlap_split
320037033,1,0.0000429562,overlap_split
320035400,1,1.0000000000,overlap_full
320035401,1,1.0000000000,overlap_full
320035402,1,1.0000000000,overlap_full
320035035,1,1.0000000000,overlap_full
320035395,1,1.0000000000,overlap_full
320036342,4,1.0000000000,overlap_full
320036341,4,1.0000000000,overlap_full
320036340,4,1.0000000000,overlap_full
320036320,4,1.0000000000,overlap_full
320036321,4,1.0000000000,overlap_full
320036319,4,1.0000000000,overlap_full
320036322,4,0.9985186698,overlap_split
320036322,1,0.0014813302,overlap_split
320036907,4,0.9999220780,overlap_split
320036907,1,0.0000779220,overlap_split
320033386,4,1.0000000000,overlap_full
320033370,4,1.0000000000,overlap_full
320033381,4,1.0000000000,overlap_full
320033361,4,1.0000000000,overlap_full
320032461,4,1.0000000000,overlap_full
320036343,4,1.0000000000,overlap_full
320036344,4,1.0000000000,overlap_full
320033485,4,1.0000000000,overlap_full
320033455,4,1.0000000000,overlap_full
320033493,4,1.0000000000,overlap_full
320034320,4,0.9883837869,overlap_split
320034320,1,0.0116162131,overlap_split
320032334,4,1.0000000000,overlap_full
320032453,4,1.0000000000,overlap_full
320033507,4,0.9999707052,overlap_split
320033507,1,0.0000292948,overlap_split
320033600,4,1.0000000000,overlap_full
320033509,4,0.9999749735,overlap_split
320033509,1,0.0000250265,overlap_split
320033483,4,0.9999876619,overlap_split
320033483,1,0.0000123381,overlap_split
320033486,4,1.0000000000,overlap_full
320032355,4,1.0000000000,overlap_full
320032400,1,1.0000000000,overlap_full
320032463,1,1.0000000000,overlap_full
320034035,1,1.0000000000,overlap_full
320032968,4,1.0000000000,overlap_full
320032050,4,1.0000000000,overlap_full
320033440,4,1.0000000000,overlap_full
320032343,4,1.0000000000,overlap_full
320032405,1,1.0000000000,overlap_full
320032406,1,1.0000000000,overlap_full
320032458,1,1.0000000000,overlap_full
320032482,1,1.0000000000,overlap_full
320032409,1,1.0000000000,overlap_full
320032464,1,1.0000000000,overlap_full
320035321,1,1.0000000000,overlap_full
320037374,1,1.0000000000,overlap_full
320034374,1,1.0000000000,overlap_full
320037373,1,1.0000000000,overlap_full
320034384,1,1.0000000000,overlap_full
320032424,1,1.0000000000,overlap_full
320032425,1,1.0000000000,overlap_full
320034396,1,1.0000000000,overlap_full
320032300,4,1.0000000000,overlap_full
320033392,4,1.0000000000,overlap_full
320033393,4,1.0000000000,overlap_full
320034312,1,0.9999554876,overlap_split
320034312,4,0.0000445124,overlap_split
320034019,1,1.0000000000,overlap_full
320034461,1,1.0000000000,overlap_full
320036431,4,1.0000000000,overlap_full
320036074,4,1.0000000000,overlap_full
320036073,4,1.0000000000,overlap_full
320036071,4,1.0000000000,overlap_full
320037301,4,1.0000000000,overlap_full
320031332,3,1.0000000000,overlap_full
320031336,3,1.0000000000,overlap_full
320031340,3,1.0000000000,overlap_full
320031457,3,1.0000000000,overlap_full
320031402,3,1.0000000000,overlap_full
320031404,3,1.0000000000,overlap_full
320031435,3,1.0000000000,overlap_full
320031434,3,1.0000000000,overlap_full
320031116,3,1.0000000000,overlap_full
320031423,3,1.0000000000,overlap_full
320031430,3,1.0000000000,overlap_full
320031460,3,1.0000000000,overlap_full
320037413,3,1.0000000000,overlap_full
320031461,3,1.0000000000,overlap_full
320031478,3,1.0000000000,overlap_full
320031462,3,1.0000000000,overlap_full
320037358,3,1.0000000000,overlap_full
320037359,3,1.0000000000,overlap_full
320037357,3,1.0000000000,overlap_full
320031470,3,1.0000000000,overlap_full
320031468,3,1.0000000000,overlap_full
320037362,3,1.0000000000,overlap_full
320037361,3,1.0000000000,overlap_full
320031356,3,1.0000000000,overlap_full
320031328,3,1.0000000000,overlap_full
320031900,3,1.0000000000,overlap_full
320031392,3,1.0000000000,overlap_full
320031510,3,1.0000000000,overlap_full
320031550,3,1.0000000000,overlap_full
320031524,3,1.0000000000,overlap_full
320031521,3,1.0000000000,overlap_full
320032944,1,0.9797070275,overlap_split
320032944,4,0.0202929725,overlap_split
320032470,4,1.0000000000,overlap_full
320032471,4,0.9999939685,overlap_split
320032471,1,0.0000060315,overlap_split
320031531,4,1.0000000000,overlap_full
320032443,1,1.0000000000,overlap_full
320031503,3,1.0000000000,overlap_full
320037365,3,0.9827939291,overlap_split
320037365,1,0.0172060709,overlap_split
320037911,1,0.9363498430,overlap_split
320037911,3,0.0636501570,overlap_split
320033425,4,1.0000000000,overlap_full
320033424,4,1.0000000000,overlap_full
320033422,4,1.0000000000,overlap_full
320033914,4,1.0000000000,overlap_full
320033449,4,1.0000000000,overlap_full
320033418,4,1.0000000000,overlap_full
320033416,4,1.0000000000,overlap_full
320031382,3,1.0000000000,overlap_full
320031919,3,1.0000000000,overlap_full
320031387,3,1.0000000000,overlap_full
320031380,3,1.0000000000,overlap_full
320031375,3,1.0000000000,overlap_full
320031918,3,1.0000000000,overlap_full
320031385,3,1.0000000000,overlap_full
320031908,3,1.0000000000,overlap_full
320031536,3,1.0000000000,overlap_full
320031378,3,1.0000000000,overlap_full
320033573,4,1.0000000000,overlap_full
320033574,4,1.0000000000,overlap_full
320036460,4,1.0000000000,overlap_full
320036453,4,1.0000000000,overlap_full
320036454,4,1.0000000000,overlap_full
320036477,4,1.0000000000,overlap_full
320036472,4,1.0000000000,overlap_full
320036480,3,0.9975826088,overlap_split
320036480,4,0.0024173912,overlap_split
320036499,3,0.9999920556,overlap_split
320036499,4,0.0000079444,overlap_split
320036038,1,0.9999984289,overlap_split
320036038,4,0.0000015711,overlap_split
320033301,4,0.9999148175,overlap_split
320033301,1,0.0000851825,overlap_split
320036403,1,1.0000000000,overlap_full
320036034,1,1.0000000000,overlap_full
320036396,1,1.0000000000,overlap_full
320037331,3,0.9999431888,overlap_split
320037331,1,0.0000568112,overlap_split
320035386,1,0.9983955625,overlap_split
320035386,3,0.0016044375,overlap_split
320035391,1,0.9997297559,overlap_split
320035391,3,0.0002702441,overlap_split
320035392,1,1.0000000000,overlap_full
320035390,1,0.9603196686,overlap_split
320035390,3,0.0396803314,overlap_split
320035394,1,1.0000000000,overlap_full
320036375,1,1.0000000000,overlap_full
320036373,1,0.9999663977,overlap_split
320036373,4,0.0000336023,overlap_split
320036330,1,1.0000000000,overlap_full
320036323,1,0.9994356153,overlap_split
320036323,4,0.0005643847,overlap_split
320036333,4,0.9999752234,overlap_split
320036333,1,0.0000247766,overlap_split
320033487,4,1.0000000000,overlap_full
320033380,4,1.0000000000,overlap_full
320033373,4,1.0000000000,overlap_full
320033375,4,1.0000000000,overlap_full
320036362,4,1.0000000000,overlap_full
320036355,4,1.0000000000,overlap_full
320036361,4,1.0000000000,overlap_full
320036360,4,1.0000000000,overlap_full
320033490,4,1.0000000000,overlap_full
320033492,4,1.0000000000,overlap_full
320033488,4,1.0000000000,overlap_full
320033484,4,1.0000000000,overlap_full
320032336,4,1.0000000000,overlap_full
320033186,4,1.0000000000,overlap_full
320033120,4,1.0000000000,overlap_full
320032335,4,1.0000000000,overlap_full
320032454,4,1.0000000000,overlap_full
320033481,4,0.9999999865,overlap_split
320033481,1,0.0000000135,overlap_split
320033479,4,1.0000000000,overlap_full
320033470,4,1.0000000000,overlap_full
320033472,4,1.0000000000,overlap_full
320034069,1,1.0000000000,overlap_full
320035325,1,1.0000000000,overlap_full
320035324,1,1.0000000000,overlap_full
320032410,1,1.0000000000,overlap_full
320032438,1,1.0000000000,overlap_full
320032418,1,1.0000000000,overlap_full
320034380,1,1.0000000000,overlap_full
320032133,1,1.0000000000,overlap_full
320037376,1,1.0000000000,overlap_full
320037382,1,1.0000000000,overlap_full
320034305,1,1.0000000000,overlap_full
320034304,1,1.0000000000,overlap_full
320034301,1,1.0000000000,overlap_full
320034302,1,1.0000000000,overlap_full
320032313,4,1.0000000000,overlap_full
320033402,4,1.0000000000,overlap_full
320033403,4,1.0000000000,overlap_full
320034017,1,1.0000000000,overlap_full
320032306,4,1.0000000000,overlap_full
320032310,4,1.0000000000,overlap_full
320037302,4,1.0000000000,overlap_full
320037300,4,1.0000000000,overlap_full
320036069,4,1.0000000000,overlap_full
320036067,4,0.9998369671,overlap_split
320036067,1,0.0001630329,overlap_split
320036434,4,1.0000000000,overlap_full
320031449,3,1.0000000000,overlap_full
320031123,3,1.0000000000,overlap_full
320031448,3,1.0000000000,overlap_full
320037402,3,1.0000000000,overlap_full
320031433,3,1.0000000000,overlap_full
320031425,3,1.0000000000,overlap_full
320031420,3,1.0000000000,overlap_full
320031421,3,1.0000000000,overlap_full
320032912,1,1.0000000000,overlap_full
320032447,1,1.0000000000,overlap_full
320032941,4,0.9999999739,overlap_split
320032941,1,0.0000000261,overlap_split
320031463,3,1.0000000000,overlap_full
320037910,3,1.0000000000,overlap_full
320031479,3,1.0000000000,overlap_full
320037393,3,1.0000000000,overlap_full
320037392,3,1.0000000000,overlap_full
320037430,3,1.0000000000,overlap_full
320031480,3,1.0000000000,overlap_full
320031482,3,1.0000000000,overlap_full
320031484,3,1.0000000000,overlap_full
320036483,3,1.0000000000,overlap_full
320031394,3,1.0000000000,overlap_full
320031395,3,1.0000000000,overlap_full
320031916,3,1.0000000000,overlap_full
320031390,3,1.0000000000,overlap_full
320032442,1,1.0000000000,overlap_full
320031522,3,1.0000000000,overlap_full
320031551,3,1.0000000000,overlap_full
320037914,1,1.0000000000,overlap_full
320032931,1,1.0000000000,overlap_full
320037385,1,0.9501257655,overlap_split
320037385,3,0.0498742345,overlap_split
320037913,1,1.0000000000,overlap_full
320031941,3,1.0000000000,overlap_full
320033420,4,1.0000000000,overlap_full
320033415,4,1.0000000000,overlap_full
320033147,4,1.0000000000,overlap_full
320033533,4,1.0000000000,overlap_full
320033526,4,1.0000000000,overlap_full
320032466,4,1.0000000000,overlap_full
320033537,4,1.0000000000,overlap_full
320031379,3,1.0000000000,overlap_full
320031538,3,1.0000000000,overlap_full
320031537,3,1.0000000000,overlap_full
320031539,3,1.0000000000,overlap_full
320032329,4,1.0000000000,overlap_full
320032356,4,1.0000000000,overlap_full
320032949,4,1.0000000000,overlap_full
320031920,3,1.0000000000,overlap_full
320033576,4,1.0000000000,overlap_full
320036464,4,1.0000000000,overlap_full
320036455,4,1.0000000000,overlap_full
320033553,4,1.0000000000,overlap_full
320033984,4,1.0000000000,overlap_full
320036484,4,0.9997522389,overlap_split
320036484,3,0.0002477611,overlap_split
320036083,4,1.0000000000,overlap_full
320036527,4,1.0000000000,overlap_full
320036401,1,1.0000000000,overlap_full
320036031,1,1.0000000000,overlap_full
320036400,1,1.0000000000,overlap_full
320036402,1,1.0000000000,overlap_full
320036410,1,1.0000000000,overlap_full
320035036,1,1.0000000000,overlap_full
320035387,1,1.0000000000,overlap_full
320037047,3,1.0000000000,overlap_full
320037049,3,1.0000000000,overlap_full
320034325,1,0.9999985554,overlap_split
320034325,4,0.0000014446,overlap_split
320036331,1,1.0000000000,overlap_full
320036332,1,0.9998004736,overlap_split
320036332,4,0.0001995264,overlap_split
320033374,4,1.0000000000,overlap_full
320033089,4,1.0000000000,overlap_full
320033355,4,1.0000000000,overlap_full
320033090,4,1.0000000000,overlap_full
320033360,4,1.0000000000,overlap_full
320036385,4,1.0000000000,overlap_full
320033556,4,1.0000000000,overlap_full
320033497,4,1.0000000000,overlap_full
320033491,4,1.0000000000,overlap_full
320032341,4,1.0000000000,overlap_full
320032451,4,1.0000000000,overlap_full
320032347,4,1.0000000000,overlap_full
320032319,4,1.0000000000,overlap_full
320034353,1,1.0000000000,overlap_full
320033471,4,1.0000000000,overlap_full
320033473,4,1.0000000000,overlap_full
320032352,4,1.0000000000,overlap_full
320035326,1,1.0000000000,overlap_full
320037381,1,1.0000000000,overlap_full
320037377,1,1.0000000000,overlap_full
320037375,1,1.0000000000,overlap_full
320032412,1,1.0000000000,overlap_full
320032903,1,1.0000000000,overlap_full
320034423,1,1.0000000000,overlap_full
320037380,1,1.0000000000,overlap_full
320032432,1,1.0000000000,overlap_full
320032431,1,1.0000000000,overlap_full
320034300,1,1.0000000000,overlap_full
320032044,4,0.9999502674,overlap_split
320032044,1,0.0000497326,overlap_split
320032366,1,0.9998936839,overlap_split
320032366,4,0.0001063161,overlap_split
320033035,4,1.0000000000,overlap_full
320033038,4,1.0000000000,overlap_full
320033034,4,1.0000000000,overlap_full
320034417,1,1.0000000000,overlap_full
320034397,1,1.0000000000,overlap_full
320034403,1,1.0000000000,overlap_full
320036066,4,0.9998145527,overlap_split
320036066,1,0.0001854473,overlap_split
320036424,4,0.9999875179,overlap_split
320036424,1,0.0000124821,overlap_split
320036420,1,0.9999627527,overlap_split
320036420,4,0.0000372473,overlap_split
320036404,1,0.9996632361,overlap_split
320036404,4,0.0003367639,overlap_split
320031442,3,1.0000000000,overlap_full
320031440,3,1.0000000000,overlap_full
320031441,3,1.0000000000,overlap_full
320032942,4,0.5119494131,overlap_split
320032942,1,0.4880505869,overlap_split
320032472,4,1.0000000000,overlap_full
320035393,1,0.9998743948,overlap_split
320035393,3,0.0001256052,overlap_split
320035396,1,0.9827561009,overlap_split
320035396,3,0.0172438991,overlap_split
320037351,3,1.0000000000,overlap_full
320037356,3,1.0000000000,overlap_full
320031082,3,1.0000000000,overlap_full
320031494,3,1.0000000000,overlap_full
320037363,3,1.0000000000,overlap_full
320031481,3,1.0000000000,overlap_full
320031078,3,1.0000000000,overlap_full
320031472,3,1.0000000000,overlap_full
320031477,3,1.0000000000,overlap_full
320031007,3,1.0000000000,overlap_full
320031006,3,1.0000000000,overlap_full
320031005,3,1.0000000000,overlap_full
320031526,3,1.0000000000,overlap_full
320036490,3,1.0000000000,overlap_full
320036492,3,1.0000000000,overlap_full
320036544,3,1.0000000000,overlap_full
320033423,4,1.0000000000,overlap_full
320033442,4,1.0000000000,overlap_full
320033217,4,1.0000000000,overlap_full
320032465,4,1.0000000000,overlap_full
320031516,4,1.0000000000,overlap_full
320031515,4,1.0000000000,overlap_full
320032468,4,1.0000000000,overlap_full
320031017,4,1.0000000000,overlap_full
320032473,4,1.0000000000,overlap_full
320032467,4,1.0000000000,overlap_full
320031542,3,1.0000000000,overlap_full
320031969,3,0.9998388975,overlap_split
320031969,1,0.0001611025,overlap_split
320036469,4,1.0000000000,overlap_split
320036469,3,0.0000000000,overlap_split
320031337,3,1.0000000000,overlap_full
320036548,3,1.0000000000,overlap_full
320031508,3,1.0000000000,overlap_full
320033551,4,1.0000000000,overlap_full
320033501,4,1.0000000000,overlap_full
320033514,4,1.0000000000,overlap_full
320036526,4,1.0000000000,overlap_full
320036524,4,1.0000000000,overlap_full
320036523,4,1.0000000000,overlap_full
320036414,1,1.0000000000,overlap_full
320036040,1,0.9999722494,overlap_split
320036040,4,0.0000277506,overlap_split
320031315,3,1.0000000000,overlap_full
320037388,3,1.0000000000,overlap_full
320037387,3,1.0000000000,overlap_full
320037326,3,1.0000000000,overlap_full
320037325,3,1.0000000000,overlap_full
320037324,3,1.0000000000,overlap_full
320037323,3,1.0000000000,overlap_full
320036324,1,1.0000000000,overlap_full
320036325,1,1.0000000000,overlap_full
320035029,1,1.0000000000,overlap_full
320036382,4,1.0000000000,overlap_full
320036381,4,1.0000000000,overlap_full
320036380,4,1.0000000000,overlap_full
320036013,4,1.0000000000,overlap_full
320033564,4,1.0000000000,overlap_full
320033562,4,1.0000000000,overlap_full
320033602,4,1.0000000000,overlap_full
320034352,1,1.0000000000,overlap_full
320034356,1,1.0000000000,overlap_full
320034355,1,1.0000000000,overlap_full
320033500,4,1.0000000000,overlap_full
320032354,4,0.9999324634,overlap_split
320032354,1,0.0000675366,overlap_split
320032387,1,0.9962478277,overlap_split
320032387,4,0.0037521723,overlap_split
320032384,1,1.0000000000,overlap_full
320034330,1,1.0000000000,overlap_full
320034331,1,1.0000000000,overlap_full
320034424,1,1.0000000000,overlap_full
320034428,1,1.0000000000,overlap_full
320034307,1,1.0000000000,overlap_full
320034433,1,1.0000000000,overlap_full
320032413,1,1.0000000000,overlap_full
320032414,1,1.0000000000,overlap_full
320032122,1,1.0000000000,overlap_full
320032364,1,1.0000000000,overlap_full
320032365,1,0.9999789393,overlap_split
320032365,4,0.0000210607,overlap_split
320032360,1,0.9998785577,overlap_split
320032360,4,0.0001214423,overlap_split
320032361,1,1.0000000000,overlap_full
320033040,4,1.0000000000,overlap_full
320033404,4,1.0000000000,overlap_full
320032305,4,1.0000000000,overlap_full
320032311,4,1.0000000000,overlap_full
320036411,1,0.9992172597,overlap_split
320036411,3,0.0007827403,overlap_split
320036413,1,0.9997928842,overlap_split
320036413,4,0.0001838695,overlap_split
320036413,3,0.0000232463,overlap_split
320036068,4,0.9993900981,overlap_split
320036068,1,0.0006099019,overlap_split
320036433,4,0.9997328190,overlap_split
320036433,3,0.0001836813,overlap_split
320036433,1,0.0000834998,overlap_split
320031109,3,1.0000000000,overlap_full
320031108,3,1.0000000000,overlap_full
320031112,3,1.0000000000,overlap_full
320037352,3,1.0000000000,overlap_full
320032475,4,0.9999934715,overlap_split
320032475,1,0.0000065285,overlap_split
320032337,4,1.0000000000,overlap_full
320037368,3,1.0000000000,overlap_full
320037339,3,1.0000000000,overlap_full
320037364,3,1.0000000000,overlap_full
320031491,3,1.0000000000,overlap_full
320031493,3,1.0000000000,overlap_full
320031476,3,1.0000000000,overlap_full
320031467,3,1.0000000000,overlap_full
320031469,3,1.0000000000,overlap_full
320031464,3,1.0000000000,overlap_full
320031009,3,1.0000000000,overlap_full
320031010,3,1.0000000000,overlap_full
320031475,3,1.0000000000,overlap_full
320031946,3,1.0000000000,overlap_full
320031936,3,1.0000000000,overlap_full
320036493,3,1.0000000000,overlap_full
320036494,3,1.0000000000,overlap_full
320036497,3,1.0000000000,overlap_full
320033435,4,1.0000000000,overlap_full
320033436,4,1.0000000000,overlap_full
320033441,4,1.0000000000,overlap_full
320033434,4,1.0000000000,overlap_full
320032900,4,1.0000000000,overlap_full
320031943,3,1.0000000000,overlap_full
320036525,3,1.0000000000,overlap_full
320031525,3,1.0000000000,overlap_full
320032962,1,1.0000000000,overlap_full
320032943,1,1.0000000000,overlap_full
320032961,1,1.0000000000,overlap_full
320031523,3,1.0000000000,overlap_full
320032970,4,1.0000000000,overlap_full
320033550,4,1.0000000000,overlap_full
320033515,4,1.0000000000,overlap_full
320033510,4,1.0000000000,overlap_full
320033512,4,1.0000000000,overlap_full
320033519,4,1.0000000000,overlap_full
320033516,4,1.0000000000,overlap_full
320036522,4,1.0000000000,overlap_full
320036513,4,1.0000000000,overlap_full
320036514,4,1.0000000000,overlap_full
320037386,3,1.0000000000,overlap_full
320037333,3,1.0000000000,overlap_full
320037332,3,1.0000000000,overlap_full
320035421,1,0.9909507894,overlap_split
320035421,3,0.0090492106,overlap_split
320035423,1,1.0000000000,overlap_full
320035424,1,1.0000000000,overlap_full
320035031,1,1.0000000000,overlap_full
320035403,1,1.0000000000,overlap_full
320035034,1,1.0000000000,overlap_full
320035416,1,1.0000000000,overlap_full
320033546,4,1.0000000000,overlap_full
320033601,4,1.0000000000,overlap_full
320033506,4,1.0000000000,overlap_full
320033495,4,1.0000000000,overlap_full
320033502,4,1.0000000000,overlap_full
320033508,4,1.0000000000,overlap_full
320032385,1,1.0000000000,overlap_full
320032372,1,0.9999961779,overlap_split
320032372,4,0.0000038221,overlap_split
320032373,1,1.0000000000,overlap_full
320032383,1,1.0000000000,overlap_full
320034465,1,1.0000000000,overlap_full
320034466,1,1.0000000000,overlap_full
320034454,1,1.0000000000,overlap_full
320034075,1,1.0000000000,overlap_full
320034076,1,1.0000000000,overlap_full
320034420,1,1.0000000000,overlap_full
320035320,1,1.0000000000,overlap_full
320034306,1,1.0000000000,overlap_full
320032420,1,1.0000000000,overlap_full
320032415,1,1.0000000000,overlap_full
320032416,1,1.0000000000,overlap_full
320032430,1,1.0000000000,overlap_full
320032367,1,1.0000000000,overlap_full
320032362,1,1.0000000000,overlap_full
320032363,1,1.0000000000,overlap_full
320032455,4,1.0000000000,overlap_full
320032462,4,1.0000000000,overlap_full
320033413,4,1.0000000000,overlap_full
320033412,4,1.0000000000,overlap_full
320034310,1,1.0000000000,overlap_full
320032312,4,1.0000000000,overlap_full
320034394,1,1.0000000000,overlap_full
320037319,4,1.0000000000,overlap_full
320037308,4,0.9999536453,overlap_split
320037308,3,0.0000463547,overlap_split
320037309,3,0.9999440501,overlap_split
320037309,4,0.0000559499,overlap_split
320037317,3,0.9596352802,overlap_split
320037317,4,0.0403647198,overlap_split
320037303,4,0.9999249447,overlap_split
320037303,3,0.0000750553,overlap_split
320037405,3,1.0000000000,overlap_full
320037410,3,1.0000000000,overlap_full
320037411,3,1.0000000000,overlap_full
320037394,3,1.0000000000,overlap_full
320031492,3,1.0000000000,overlap_full
320031490,3,1.0000000000,overlap_full
320037355,3,1.0000000000,overlap_full
320031514,3,1.0000000000,overlap_full
320031416,3,1.0000000000,overlap_full
320031411,3,1.0000000000,overlap_full
320031004,3,1.0000000000,overlap_full
320031001,3,1.0000000000,overlap_full
320031002,3,1.0000000000,overlap_full
320031003,3,1.0000000000,overlap_full
320031008,3,1.0000000000,overlap_full
320031169,3,1.0000000000,overlap_full
320031944,3,1.0000000000,overlap_full
320031501,1,1.0000000000,overlap_full
320032469,4,1.0000000000,overlap_full
320031528,3,1.0000000000,overlap_full
320031541,3,1.0000000000,overlap_full
320036534,3,1.0000000000,overlap_full
320036531,3,1.0000000000,overlap_full
320032342,4,1.0000000000,overlap_full
320032048,4,1.0000000000,overlap_full
320032047,4,1.0000000000,overlap_full
320032346,4,1.0000000000,overlap_full
320032960,1,1.0000000000,overlap_full
320032958,1,1.0000000000,overlap_full
320032957,1,1.0000000000,overlap_full
320036501,3,1.0000000000,overlap_full
320036500,3,1.0000000000,overlap_full
320032959,1,1.0000000000,overlap_full
320032477,4,1.0000000000,overlap_full
320033986,4,1.0000000000,overlap_full
320031348,3,1.0000000000,overlap_full
320033603,4,1.0000000000,overlap_full
320033558,4,1.0000000000,overlap_full
320033511,4,1.0000000000,overlap_full
320033549,4,0.9979006438,overlap_split
320033549,1,0.0020993562,overlap_split
320036515,4,1.0000000000,overlap_full
320036517,4,1.0000000000,overlap_full
320037046,3,1.0000000000,overlap_full
320037048,3,1.0000000000,overlap_full
320037050,3,1.0000000000,overlap_full
320035415,1,0.9937913803,overlap_split
320035415,3,0.0062086197,overlap_split
320037313,3,0.6876971141,overlap_split
320037313,1,0.3123028859,overlap_split
320037314,3,0.9999146350,overlap_split
320037314,1,0.0000853650,overlap_split
320035331,1,1.0000000000,overlap_full
320035414,1,1.0000000000,overlap_full
320035417,1,1.0000000000,overlap_full
320033494,4,1.0000000000,overlap_full
320033570,4,1.0000000000,overlap_full
320033555,4,1.0000000000,overlap_full
320032386,1,1.0000000000,overlap_full
320032390,1,1.0000000000,overlap_full
320032392,1,1.0000000000,overlap_full
320034464,1,1.0000000000,overlap_full
320032351,4,1.0000000000,overlap_full
320032037,4,0.9998104805,overlap_split
320032037,1,0.0001895195,overlap_split
320034410,1,1.0000000000,overlap_full
320034430,1,1.0000000000,overlap_full
320034425,1,1.0000000000,overlap_full
320032126,1,1.0000000000,overlap_full
320032433,1,1.0000000000,overlap_full
320037384,1,1.0000000000,overlap_full
320037383,1,1.0000000000,overlap_full
320032460,4,1.0000000000,overlap_full
320032302,4,1.0000000000,overlap_full
320033417,4,1.0000000000,overlap_full
320033909,4,1.0000000000,overlap_full
320033979,4,1.0000000000,overlap_full
320033411,4,1.0000000000,overlap_full
320033904,4,1.0000000000,overlap_full
320033541,4,1.0000000000,overlap_full
320033414,4,1.0000000000,overlap_full
320033383,4,1.0000000000,overlap_full
320034387,1,1.0000000000,overlap_full
320035315,1,1.0000000000,overlap_full
320034450,1,1.0000000000,overlap_full
320031038,4,1.0000000000,overlap_full
320031300,4,0.9999789725,overlap_split
320031300,3,0.0000210275,overlap_split
320031039,4,1.0000000000,overlap_full
320037416,3,1.0000000000,overlap_full
320037342,3,1.0000000000,overlap_full
320037343,3,1.0000000000,overlap_full
320031512,3,1.0000000000,overlap_full
320031357,3,1.0000000000,overlap_full
320031932,3,1.0000000000,overlap_full
320031931,3,1.0000000000,overlap_full
320031070,3,1.0000000000,overlap_full
320031950,3,1.0000000000,overlap_full
320031131,3,1.0000000000,overlap_full
320031474,3,1.0000000000,overlap_full
320031074,3,1.0000000000,overlap_full
320031073,3,1.0000000000,overlap_full
320031072,3,1.0000000000,overlap_full
320032948,4,1.0000000000,overlap_full
320031934,1,1.0000000000,overlap_full
320036542,3,0.9999977870,overlap_split
320036542,4,0.0000022130,overlap_split
320036491,3,1.0000000000,overlap_full
320032340,4,1.0000000000,overlap_full
320032106,4,1.0000000000,overlap_full
320032326,4,1.0000000000,overlap_full
320033443,4,1.0000000000,overlap_full
320032929,1,1.0000000000,overlap_full
320032965,1,1.0000000000,overlap_full
320036488,3,0.9994036708,overlap_split
320036488,4,0.0005963292,overlap_split
320031527,3,1.0000000000,overlap_full
320033575,4,1.0000000000,overlap_full
320033309,4,1.0000000000,overlap_full
320034398,1,1.0000000000,overlap_full
320037336,3,1.0000000000,overlap_full
320032457,1,0.9997145606,overlap_split
320032457,4,0.0002854394,overlap_split
320032480,1,1.0000000000,overlap_full
320032459,1,1.0000000000,overlap_full
320032448,1,0.9995190331,overlap_split
320032448,4,0.0004809669,overlap_split
320036512,4,1.0000000000,overlap_full
320031345,3,1.0000000000,overlap_full
320031344,3,1.0000000000,overlap_full
320031343,3,1.0000000000,overlap_full
320037321,3,1.0000000000,overlap_full
320037086,3,1.0000000000,overlap_full
320037311,3,1.0000000000,overlap_full
320037060,3,1.0000000000,overlap_full
320037061,3,1.0000000000,overlap_full
320037097,3,1.0000000000,overlap_full
320037315,3,1.0000000000,overlap_full
320037083,3,1.0000000000,overlap_full
320035413,1,1.0000000000,overlap_full
320035411,1,1.0000000000,overlap_full
320035410,1,1.0000000000,overlap_full
320032394,1,1.0000000000,overlap_full
320032391,1,1.0000000000,overlap_full
320032393,1,1.0000000000,overlap_full
320032371,1,0.9999763664,overlap_split
320032371,4,0.0000236336,overlap_split
320032008,1,0.9998840877,overlap_split
320032008,4,0.0001159123,overlap_split
320032382,1,1.0000000000,overlap_full
320034421,1,1.0000000000,overlap_full
320034422,1,1.0000000000,overlap_full
320034426,1,1.0000000000,overlap_full
320034431,1,1.0000000000,overlap_full
320034066,1,1.0000000000,overlap_full
320032444,1,1.0000000000,overlap_full
320032434,1,1.0000000000,overlap_full
320032435,1,1.0000000000,overlap_full
320033535,4,1.0000000000,overlap_full
320036485,4,1.0000000000,overlap_full
320033540,4,1.0000000000,overlap_full
320031945,3,1.0000000000,overlap_full
320033543,4,1.0000000000,overlap_full
320032938,4,1.0000000000,overlap_full
320033353,4,1.0000000000,overlap_full
320033227,4,1.0000000000,overlap_full
320033228,4,1.0000000000,overlap_full
320033384,4,1.0000000000,overlap_full
320033214,4,1.0000000000,overlap_full
320033385,4,1.0000000000,overlap_full
320034468,1,1.0000000000,overlap_full
320034455,1,1.0000000000,overlap_full
320034467,1,1.0000000000,overlap_full
320034028,1,1.0000000000,overlap_full
320033191,4,1.0000000000,overlap_full
320031301,4,0.9943104424,overlap_split
320031301,3,0.0056895576,overlap_split
320037307,3,0.9997140574,overlap_split
320037307,1,0.0002859426,overlap_split
320037304,3,0.9999913321,overlap_split
320037304,4,0.0000086679,overlap_split
320037414,3,1.0000000000,overlap_full
320031432,3,1.0000000000,overlap_full
320031113,3,1.0000000000,overlap_full
320031471,3,1.0000000000,overlap_full
320031486,3,1.0000000000,overlap_full
320037366,3,1.0000000000,overlap_full
320031511,3,1.0000000000,overlap_full
320031534,1,0.9998948648,overlap_split
320031534,3,0.0000996195,overlap_split
320031534,4,0.0000055157,overlap_split
320032476,4,1.0000000000,overlap_full
320031906,3,1.0000000000,overlap_full
320031363,3,1.0000000000,overlap_full
320031904,3,1.0000000000,overlap_full
320031360,3,1.0000000000,overlap_full
320036530,3,1.0000000000,overlap_full
320032437,1,1.0000000000,overlap_full
320031050,3,0.9939976918,overlap_split
320031050,1,0.0060023082,overlap_split
320031535,3,1.0000000000,overlap_full
320031935,3,1.0000000000,overlap_full
320032325,4,0.9999999149,overlap_split
320032325,1,0.0000000851,overlap_split
320032357,4,1.0000000000,overlap_full
320032052,4,1.0000000000,overlap_full
320032328,4,1.0000000000,overlap_full
320032350,4,1.0000000000,overlap_full
320032956,4,1.0000000000,overlap_full
320032348,4,1.0000000000,overlap_full
320032345,4,1.0000000000,overlap_full
320031529,3,1.0000000000,overlap_full
320031552,3,1.0000000000,overlap_full
320031384,3,1.0000000000,overlap_full
320036487,3,0.9999906483,overlap_split
320036487,4,0.0000093517,overlap_split
320036498,4,0.9999639857,overlap_split
320036498,3,0.0000360143,overlap_split
320037389,3,0.9992052137,overlap_split
320037389,1,0.0007947863,overlap_split
320031509,3,1.0000000000,overlap_full
320032967,1,1.0000000000,overlap_full
320032479,1,0.9835503913,overlap_split
320032479,4,0.0164496087,overlap_split
320032439,1,1.0000000000,overlap_full
320031342,3,1.0000000000,overlap_full
320031341,3,1.0000000000,overlap_full
320031335,3,1.0000000000,overlap_full
320031334,3,1.0000000000,overlap_full
320037320,3,0.9999590850,overlap_split
320037320,1,0.0000409150,overlap_split
320032452,4,1.0000000000,overlap_full
320037328,3,1.0000000000,overlap_full
320037312,3,1.0000000000,overlap_full
320037425,3,0.9987264635,overlap_split
320037425,1,0.0012735365,overlap_split
320037071,3,0.5315476303,overlap_split
320037071,1,0.4684523697,overlap_split
320037070,1,0.9954800094,overlap_split
320037070,3,0.0045199906,overlap_split
320035405,1,1.0000000000,overlap_full
320035404,1,1.0000000000,overlap_full
320035342,1,1.0000000000,overlap_full
320032381,1,1.0000000000,overlap_full
320032380,1,1.0000000000,overlap_full
320032370,1,1.0000000000,overlap_full
320034413,1,1.0000000000,overlap_full
320034415,1,1.0000000000,overlap_full
320034416,1,1.0000000000,overlap_full
320034444,1,1.0000000000,overlap_full
320036482,3,1.0000000000,overlap_full
320033536,4,1.0000000000,overlap_full
320034381,1,1.0000000000,overlap_full
320034383,1,1.0000000000,overlap_full
320033129,4,1.0000000000,overlap_full
320033229,4,1.0000000000,overlap_full
320033130,4,1.0000000000,overlap_full
320036516,4,1.0000000000,overlap_full
320033391,4,1.0000000000,overlap_full
320033390,4,1.0000000000,overlap_full
320033396,4,1.0000000000,overlap_full
320034391,1,1.0000000000,overlap_full
320033152,4,1.0000000000,overlap_full
320033452,4,1.0000000000,overlap_full
320033439,4,1.0000000000,overlap_full
320031303,3,0.9998008987,overlap_split
320031303,4,0.0001991013,overlap_split
320031302,3,0.9996653198,overlap_split
320031302,4,0.0003346802,overlap_split
320036478,3,0.9998939327,overlap_split
320036478,4,0.0001060673,overlap_split
320036532,3,1.0000000000,overlap_full
320031163,3,1.0000000000,overlap_full
320031124,3,1.0000000000,overlap_full
320031456,3,1.0000000000,overlap_full
320031455,3,1.0000000000,overlap_full
320031412,3,1.0000000000,overlap_full
320031362,3,1.0000000000,overlap_full
320031361,3,1.0000000000,overlap_full
320031370,3,1.0000000000,overlap_full
320031365,3,1.0000000000,overlap_full
320032338,4,1.0000000000,overlap_full
320032349,4,1.0000000000,overlap_full
320032339,4,1.0000000000,overlap_full
320032358,4,1.0000000000,overlap_full
320032324,4,1.0000000000,overlap_full
320032104,4,1.0000000000,overlap_full
320033453,4,1.0000000000,overlap_full
320032344,4,1.0000000000,overlap_full
320033151,4,1.0000000000,overlap_full
320033450,4,1.0000000000,overlap_full
320033454,4,1.0000000000,overlap_full
320036496,3,1.0000000000,overlap_full
320031393,3,1.0000000000,overlap_full
320033528,4,1.0000000000,overlap_full
320031951,3,1.0000000000,overlap_full
320036547,3,1.0000000000,overlap_full
320036539,3,1.0000000000,overlap_full
320031308,3,1.0000000000,overlap_full
320037369,3,0.8243597917,overlap_split
320037369,1,0.1756402083,overlap_split
320036538,3,1.0000000000,overlap_full
320032456,1,1.0000000000,overlap_full
320032446,1,1.0000000000,overlap_full
320032449,1,1.0000000000,overlap_full
320031138,3,1.0000000000,overlap_full
320031137,3,1.0000000000,overlap_full
320037079,3,0.9994118402,overlap_split
320037079,1,0.0005881598,overlap_split
320033335,4,1.0000000000,overlap_full
320033336,4,1.0000000000,overlap_full
320035374,1,0.8986211082,overlap_split
320035374,3,0.1013788918,overlap_split
320035373,1,1.0000000000,overlap_full
320035422,1,1.0000000000,overlap_full
320035341,1,1.0000000000,overlap_full
320035336,1,1.0000000000,overlap_full
320035340,1,1.0000000000,overlap_full
320035343,1,1.0000000000,overlap_full
320035334,1,1.0000000000,overlap_full
320034441,1,1.0000000000,overlap_full
320034440,1,1.0000000000,overlap_full
320034435,1,1.0000000000,overlap_full
320034436,1,1.0000000000,overlap_full
320032427,1,1.0000000000,overlap_full
320035016,1,1.0000000000,overlap_full
320032422,1,1.0000000000,overlap_full
320034376,1,1.0000000000,overlap_full
320034375,1,1.0000000000,overlap_full
320034050,1,1.0000000000,overlap_full
320036510,4,1.0000000000,overlap_full
320036511,4,1.0000000000,overlap_full
320033557,4,1.0000000000,overlap_full
320033565,4,1.0000000000,overlap_full
320033400,4,1.0000000000,overlap_full
320033401,4,1.0000000000,overlap_full
320033395,4,1.0000000000,overlap_full
320036520,4,1.0000000000,overlap_full
320033372,4,1.0000000000,overlap_full
320033371,4,1.0000000000,overlap_full
320036481,3,1.0000000000,overlap_full
320031304,3,1.0000000000,overlap_full
320031165,3,1.0000000000,overlap_full
320031127,3,1.0000000000,overlap_full
320031413,3,1.0000000000,overlap_full
320032323,4,1.0000000000,overlap_full
320032322,4,1.0000000000,overlap_full
320032321,4,1.0000000000,overlap_full
320033432,4,1.0000000000,overlap_full
320033433,4,1.0000000000,overlap_full
320033445,4,1.0000000000,overlap_full
320033446,4,1.0000000000,overlap_full
320033444,4,1.0000000000,overlap_full
320031517,3,1.0000000000,overlap_full
320031530,3,1.0000000000,overlap_full
320031513,3,1.0000000000,overlap_full
320033527,4,1.0000000000,overlap_full
320037340,3,1.0000000000,overlap_full
320035398,1,0.6464132335,overlap_split
320035398,3,0.3535867665,overlap_split
320035397,1,0.9993691929,overlap_split
320035397,3,0.0006308071,overlap_split
320032964,1,1.0000000000,overlap_full
320032484,1,1.0000000000,overlap_full
320032440,1,1.0000000000,overlap_full
320032500,1,1.0000000000,overlap_full
320037404,3,1.0000000000,overlap_full
320031346,3,1.0000000000,overlap_full
320031142,3,1.0000000000,overlap_full
320031063,3,1.0000000000,overlap_full
320033334,4,1.0000000000,overlap_full
320033333,4,1.0000000000,overlap_full
320033332,4,1.0000000000,overlap_full
320035304,1,1.0000000000,overlap_full
320035372,1,1.0000000000,overlap_full
320035371,1,1.0000000000,overlap_full
320035333,1,1.0000000000,overlap_full
320035332,1,1.0000000000,overlap_full
320035383,1,1.0000000000,overlap_full
320034360,1,1.0000000000,overlap_full
320034343,1,1.0000000000,overlap_full
320034350,1,1.0000000000,overlap_full
320033544,4,1.0000000000,overlap_full
320036302,4,0.9995171173,overlap_split
320036302,1,0.0004828827,overlap_split
320036301,4,1.0000000000,overlap_full
320036304,4,0.9999967457,overlap_split
320036304,1,0.0000032543,overlap_split
320032333,4,1.0000000000,overlap_full
320036303,4,1.0000000000,overlap_full
320033394,4,1.0000000000,overlap_full
320033036,4,1.0000000000,overlap_full
320033037,4,1.0000000000,overlap_full
320033220,4,1.0000000000,overlap_full
320033219,4,1.0000000000,overlap_full
320033363,4,1.0000000000,overlap_full
320031307,3,1.0000000000,overlap_full
320036533,3,1.0000000000,overlap_full
320036479,3,1.0000000000,overlap_full
320031400,3,1.0000000000,overlap_full
320037305,3,1.0000000000,overlap_full
320033531,4,1.0000000000,overlap_full
320033463,4,1.0000000000,overlap_full
320033466,4,1.0000000000,overlap_full
320033464,4,1.0000000000,overlap_full
320037367,3,1.0000000000,overlap_full
320033303,4,1.0000000000,overlap_full
320033302,4,1.0000000000,overlap_full
320031532,4,0.9999995365,overlap_split
320031532,1,0.0000004635,overlap_split
320032417,1,1.0000000000,overlap_full
320033985,4,1.0000000000,overlap_full
320032078,4,1.0000000000,overlap_full
320031347,3,1.0000000000,overlap_full
320031540,3,1.0000000000,overlap_full
320036474,3,0.5165140579,overlap_split
320036474,4,0.4834859421,overlap_split
320034361,1,1.0000000000,overlap_full
320037310,3,0.9991734837,overlap_split
320037310,1,0.0008265163,overlap_split
320037403,3,1.0000000000,overlap_full
320031445,3,1.0000000000,overlap_full
320031060,3,1.0000000000,overlap_full
320031325,3,1.0000000000,overlap_full
320031323,3,1.0000000000,overlap_full
320033342,4,1.0000000000,overlap_full
320033343,4,1.0000000000,overlap_full
320033352,4,1.0000000000,overlap_full
320035365,1,0.9998495653,overlap_split
320035365,3,0.0001504347,overlap_split
320035370,1,0.9998015453,overlap_split
320035370,3,0.0001984547,overlap_split
320035302,1,1.0000000000,overlap_full
320035367,1,1.0000000000,overlap_full
320035382,1,1.0000000000,overlap_full
320035024,1,1.0000000000,overlap_full
320035314,1,1.0000000000,overlap_full
320035381,1,1.0000000000,overlap_full
320032332,4,1.0000000000,overlap_full
320036311,4,1.0000000000,overlap_full
320036310,4,1.0000000000,overlap_full
320036305,4,1.0000000000,overlap_full
320033042,4,1.0000000000,overlap_full
320033041,4,1.0000000000,overlap_full
320033365,4,1.0000000000,overlap_full
320036541,3,1.0000000000,overlap_full
320036540,3,1.0000000000,overlap_full
320036546,3,1.0000000000,overlap_full
320031305,3,1.0000000000,overlap_full
320031310,3,1.0000000000,overlap_full
320031318,3,1.0000000000,overlap_full
320033532,4,1.0000000000,overlap_full
320033568,4,1.0000000000,overlap_full
320033982,4,1.0000000000,overlap_full
320033566,4,1.0000000000,overlap_full
320033572,4,1.0000000000,overlap_full
320033571,4,1.0000000000,overlap_full
320033552,4,1.0000000000,overlap_full
320033981,4,1.0000000000,overlap_full
320032408,1,1.0000000000,overlap_full
320033560,4,1.0000000000,overlap_full
320031371,3,1.0000000000,overlap_full
320031911,3,1.0000000000,overlap_full
320034363,1,1.0000000000,overlap_full
320031444,3,1.0000000000,overlap_full
320037395,3,1.0000000000,overlap_full
320031322,3,1.0000000000,overlap_full
320031324,3,1.0000000000,overlap_full
320037423,3,1.0000000000,overlap_full
320037424,3,1.0000000000,overlap_full
320033341,4,1.0000000000,overlap_full
320033340,4,1.0000000000,overlap_full
320035364,1,1.0000000000,overlap_full
320035361,1,1.0000000000,overlap_full
320035075,1,1.0000000000,overlap_full
320037077,1,0.9999992043,overlap_split
320037077,3,0.0000007957,overlap_split
320035380,1,1.0000000000,overlap_full
320035003,1,1.0000000000,overlap_full
320035384,1,1.0000000000,overlap_full
320035352,1,1.0000000000,overlap_full
320033366,4,1.0000000000,overlap_full
320034073,1,1.0000000000,overlap_full
320034031,1,1.0000000000,overlap_full
320034393,1,1.0000000000,overlap_full
320034392,1,1.0000000000,overlap_full
320034463,1,1.0000000000,overlap_full
320031316,3,1.0000000000,overlap_full
320031317,3,1.0000000000,overlap_full
320031319,3,1.0000000000,overlap_full
320033569,4,1.0000000000,overlap_full
320033518,4,1.0000000000,overlap_full
320033559,4,1.0000000000,overlap_full
320033529,4,1.0000000000,overlap_full
320033563,4,1.0000000000,overlap_full
320033547,4,1.0000000000,overlap_full
320033938,4,1.0000000000,overlap_full
320037052,3,1.0000000000,overlap_full
320037012,3,1.0000000000,overlap_full
320037421,3,1.0000000000,overlap_full
320036057,4,1.0000000000,overlap_full
320036109,4,1.0000000000,overlap_full
320033337,4,1.0000000000,overlap_full
320033331,4,1.0000000000,overlap_full
320033344,4,1.0000000000,overlap_full
320033345,4,1.0000000000,overlap_full
320033351,4,1.0000000000,overlap_full
320033350,4,1.0000000000,overlap_full
320035301,1,1.0000000000,overlap_full
320035366,1,1.0000000000,overlap_full
320035014,1,1.0000000000,overlap_full
320035362,1,1.0000000000,overlap_full
320035385,1,1.0000000000,overlap_full
320035356,1,1.0000000000,overlap_full
320035350,1,1.0000000000,overlap_full
320034365,1,1.0000000000,overlap_full
320034364,1,1.0000000000,overlap_full
320035313,1,1.0000000000,overlap_full
320031327,3,1.0000000000,overlap_full
320037316,3,0.9999991199,overlap_split
320037316,1,0.0000008801,overlap_split
320031321,3,1.0000000000,overlap_full
320031314,3,1.0000000000,overlap_full
320031352,3,1.0000000000,overlap_full
320033530,4,1.0000000000,overlap_full
320033604,4,1.0000000000,overlap_full
320033522,4,1.0000000000,overlap_full
320031351,3,1.0000000000,overlap_full
320031367,3,1.0000000000,overlap_full
320037420,3,1.0000000000,overlap_full
320037422,3,1.0000000000,overlap_full
320037341,3,1.0000000000,overlap_full
320037005,3,1.0000000000,overlap_full
320033330,4,1.0000000000,overlap_full
320036445,4,1.0000000000,overlap_full
320036442,4,1.0000000000,overlap_full
320036521,4,1.0000000000,overlap_full
320033321,4,1.0000000000,overlap_full
320033322,4,1.0000000000,overlap_full
320033320,4,1.0000000000,overlap_full
320035360,1,1.0000000000,overlap_full
320035355,1,1.0000000000,overlap_full
320035047,1,1.0000000000,overlap_full
320035351,1,1.0000000000,overlap_full
320035300,1,1.0000000000,overlap_full
320033323,4,1.0000000000,overlap_full
320031311,3,1.0000000000,overlap_full
320031313,3,1.0000000000,overlap_full
320031312,3,1.0000000000,overlap_full
320031354,3,1.0000000000,overlap_full
320031353,3,1.0000000000,overlap_full
320031391,3,1.0000000000,overlap_full
320031450,3,1.0000000000,overlap_full
320033459,4,1.0000000000,overlap_full
320033457,4,1.0000000000,overlap_full
320036079,4,1.0000000000,overlap_full
320036450,4,1.0000000000,overlap_full
320037350,3,1.0000000000,overlap_full
320037054,3,1.0000000000,overlap_full
320037391,3,1.0000000000,overlap_full
320036444,4,1.0000000000,overlap_full
320036441,4,1.0000000000,overlap_full
320036440,4,1.0000000000,overlap_full
320036425,4,1.0000000000,overlap_full
320033127,4,1.0000000000,overlap_full
320033308,4,1.0000000000,overlap_full
320037397,3,1.0000000000,overlap_full
320036393,1,0.9999995516,overlap_split
320036393,4,0.0000004484,overlap_split
320036394,1,1.0000000000,overlap_full
320035354,1,1.0000000000,overlap_full
320035353,1,1.0000000000,overlap_full
320035344,1,1.0000000000,overlap_full
320035056,1,1.0000000000,overlap_full
320033326,4,1.0000000000,overlap_full
320033312,4,1.0000000000,overlap_full
320033311,4,1.0000000000,overlap_full
320033310,4,1.0000000000,overlap_full
320033524,4,1.0000000000,overlap_full
320033523,4,1.0000000000,overlap_full
320033525,4,1.0000000000,overlap_full
320031368,3,1.0000000000,overlap_full
