county,precinct,neutral_id
Churchill,01,2
Churchill,02,2
Churchill,03,2
Churchill,04,2
Churchill,05,2
Churchill,06,2
Churchill,07,2
Churchill,08,2
Churchill,09,2
Clark,1000,3
Clark,1001,1
Clark,1004,1
Clark,1005,1
Clark,1006,1
Clark,1007,1
Clark,1008,3
Clark,1009,4
Clark,1010,1
Clark,1011,4
Clark,1012,3
Clark,1015,4
Clark,1016,4
Clark,1660,3
Clark,1696,3
Clark,1700,3
Clark,1706,3
Clark,2002,1
Clark,2003,4
Clark,2004,4
Clark,2005,1
Clark,2007,2
Clark,2009,4
Clark,2010,4
Clark,2011,4
Clark,2013,4
Clark,2014,1
Clark,2015,1
Clark,2016,1
Clark,2019,1
Clark,2021,1
Clark,2023,4
Clark,2025,1
Clark,2028,1
Clark,2029,1
Clark,2030,4
Clark,2032,4
Clark,2033,4
Clark,2036,1
Clark,2040,4
Clark,2042,1
Clark,2045,3
Clark,2046,1
Clark,2047,1
Clark,2048,4
Clark,2049,4
Clark,2051,2
Clark,2052,4
Clark,2053,2
Clark,2054,4
Clark,2055,4
Clark,2056,2
Clark,2060,4
Clark,2063,4
Clark,2065,4
Clark,2066,1
Clark,2067,4
Clark,2072,1
Clark,2073,4
Clark,2074,2
Clark,2077,4
Clark,2079,2
Clark,2080,2
Clark,2081,4
Clark,2082,4
Clark,2086,4
Clark,2087,1
Clark,2088,1
Clark,2511,3
Clark,3000,1
Clark,3003,4
Clark,3006,1
Clark,3007,1
Clark,3009,1
Clark,3011,3
Clark,3013,1
Clark,3014,4
Clark,3016,4
Clark,3017,4
Clark,3018,3
Clark,3021,3
Clark,3022,4
Clark,3027,3
Clark,3030,3
Clark,3033,3
Clark,3034,3
Clark,3035,3
Clark,3038,4
Clark,3039,1
Clark,3041,1
Clark,3043,4
Clark,3045,4
Clark,3048,1
Clark,3050,4
Clark,3051,1
Clark,3055,4
Clark,3056,2
Clark,3057,3
Clark,3058,3
Clark,3059,3
Clark,3061,1
Clark,3062,3
Clark,3064,1
Clark,3065,4
Clark,3066,1
Clark,3067,2
Clark,3068,1
Clark,3069,3
Clark,3071,2
Clark,3072,1
Clark,3074,4
Clark,3781,4
Clark,3793,4
Clark,4000,4
Clark,4001,4
Clark,4002,1
Clark,4005,1
Clark,4006,2
Clark,4007,4
Clark,4008,4
Clark,4009,4
Clark,4010,2
Clark,4011,1
Clark,4012,2
Clark,4013,1
Clark,4018,4
Clark,4019,1
Clark,4020,1
Clark,4021,4
Clark,4022,1
Clark,4024,4
Clark,4026,3
Clark,4027,4
Clark,4030,4
Clark,4031,4
Clark,4032,4
Clark,4034,1
Clark,4035,4
Clark,4036,1
Clark,4037,1
Clark,4040,4
Clark,4043,4
Clark,4044,1
Clark,4045,4
Clark,4046,4
Clark,4400,1
Clark,4402,4
Clark,4404,1
Clark,4407,4
Clark,4411,1
Clark,4413,4
Clark,4414,1
Clark,4417,4
Clark,4420,4
Clark,4421,1
Clark,4422,1
Clark,4423,1
Clark,4716,1
Clark,5001,3
Clark,5002,1
Clark,5005,1
Clark,5007,1
Clark,5008,1
Clark,5011,1
Clark,5012,1
Clark,5013,4
Clark,5015,3
Clark,5017,1
Clark,5018,1
Clark,5020,4
Clark,5022,1
Clark,5023,3
Clark,5024,3
Clark,5025,3
Clark,5028,4
Clark,5030,4
Clark,5031,1
Clark,5037,3
Clark,5038,1
Clark,5039,1
Clark,5040,1
Clark,5041,3
Clark,5042,3
Clark,5044,4
Clark,5045,1
Clark,5046,1
Clark,5048,3
Clark,5049,3
Clark,5530,4
Clark,5547,1
Clark,5550,3
Clark,5556,3
Clark,6000,1
Clark,6001,3
Clark,6003,3
Clark,6004,3
Clark,6007,4
Clark,6009,4
Clark,6011,4
Clark,6012,3
Clark,6013,4
Clark,6014,1
Clark,6015,4
Clark,6016,3
Clark,6017,3
Clark,6018,3
Clark,6030,4
Clark,6031,4
Clark,6032,4
Clark,6033,1
Clark,6034,4
Clark,6036,3
Clark,6037,3
Clark,6038,4
Clark,6041,3
Clark,6042,3
Clark,6043,1
Clark,6044,3
Clark,6045,3
Clark,6046,4
Clark,6154,3
Clark,6509,3
Clark,6528,3
Clark,6552,3
Clark,6741,3
Clark,6742,3
Clark,7001,1
Clark,7003,1
Clark,7004,3
Clark,7006,3
Clark,7007,1
Clark,7011,1
Clark,7015,3
Clark,7017,1
Clark,7019,3
Clark,7021,1
Clark,7022,3
Clark,7023,1
Clark,7024,3
Clark,7025,1
Clark,7028,3
Clark,7029,3
Clark,7030,3
Clark,7032,3
Clark,7034,3
Clark,7036,3
Clark,7037,1
Clark,7039,3
Clark,7040,3
Clark,7041,3
Clark,7042,3
Clark,7044,3
Clark,7052,1
Clark,7053,1
Clark,7055,1
Clark,7056,3
Clark,7057,1
Clark,7058,1
Clark,7059,3
Clark,7060,3
Clark,7378,3
Douglas,01-Centerville,2
Douglas,02-Fish Springs,2
Douglas,03-Gardnerville,2
Douglas,04-Carson Valley Estates,2
Douglas,05-Genoa,2
Douglas,06-Jacks Valley,2
Douglas,07-Minden,2
Douglas,08-Ranchos I,2
Douglas,09-Ranchos II,2
Douglas,10-TRE,2
Douglas,18-Ranchos III-2,2
Douglas,29-Autumn Hils,2
Elko,01,2
Elko,02,2
Elko,03,2
Elko,04,2
Elko,05,2
Elko,06,2
Elko,07,2
Elko,08,2
Elko,09,2
Esmeralda,01,4
Esmeralda,03,4
Esmeralda,04,4
Eureka,01,2
Eureka,02,2
Eureka,03,2
Eureka,04,2
Eureka,3S,2
Humboldt,01,2
Humboldt,02,2
Humboldt,03,2
Humboldt,04,2
Humboldt,05,2
Humboldt,06,2
Humboldt,07,2
Humboldt,08,2
Humboldt,09,2
Humboldt,7,2
Lander,Argenta 01,2
Lander,Argenta 02,2
Lander,Argenta 03,2
Lander,Argenta 04,2
Lander,Argenta 05,2
Lander,Austin 07,2
Lander,Gillman Springs Ranch 08,2
Lander,Kingston 09,2
Lander,Southern Lander County 06,2
Lincoln,01,2
Lincoln,02,4
Lincoln,03,2
Lincoln,04,2
Lincoln,05,4
Lincoln,2 - CALIENTE,1
Lyon,01,2
Lyon,02,2
Lyon,03,2
Lyon,04,2
Lyon,05,2
Lyon,06,2
Lyon,07,2
Lyon,08,4
Lyon,09,2
Mineral,01,4
Mineral,02,4
Mineral,03,4
Mineral,04,4
Mineral,05,4
Mineral,06,4
Mineral,07,4
Mineral,08,4
Mineral,09,4
Nye,01,4
Nye,02,4
Nye,06,4
Nye,08,4
Nye,09,4
Nye,33,1
Nye,34,4
Nye,AMARGOSA VLY 06,2
Nye,CRYSTAL 18,1
Nye,CURRANT 02,1
Nye,PAHRUMP 09,4
Nye,PAHRUMP 33,1
Nye,ROUND MTN 12,2
Pershing,01,2
Pershing,03,2
Pershing,04,2
Pershing,05,2
Pershing,06,2
Pershing,07,2
Storey,01,2
Storey,02,2
Storey,03,2
Storey,04,2
Storey,05,2
Storey,06,2
Storey,08,2
Washoe,GER-WADS 7412,2
Washoe,GER-WADS 7521,2
Washoe,GER-WADS 7521 (MP),2
Washoe,GER-WADS 7522,2
Washoe,GER-WADS 7522 (MP),2
Washoe,GER-WADS 7531,2
Washoe,GER-WADS 7531 (MP),2
Washoe,GER-WADS 7561,2
Washoe,GER-WADS 7581,2
Washoe,INCLINE VILLAGE 8104,2
Washoe,INCLINE VILLAGE 8105,2
Washoe,INCLINE VILLAGE 8106,2
Washoe,INCLINE VILLAGE 8107,2
Washoe,INCLINE VILLAGE 8108,2
Washoe,INCLINE VILLAGE 8109,2
Washoe,INCLINE VILLAGE 8110,2
Washoe,INCLINE VILLAGE 8116,2
Washoe,INCLINE VILLAGE 8117,2
Washoe,PROVISIONAL,2
Washoe,RENO-VERDI 1000,2
Washoe,RENO-VERDI 1001,2
Washoe,RENO-VERDI 1002,2
Washoe,RENO-VERDI 1003,2
Washoe,RENO-VERDI 1004,2
Washoe,RENO-VERDI 1006,2
Washoe,RENO-VERDI 1007,2
Washoe,RENO-VERDI 1008,2
Washoe,RENO-VERDI 1009,2
Washoe,RENO-VERDI 1010,2
Washoe,RENO-VERDI 1011,2
Washoe,RENO-VERDI 1012,2
Washoe,RENO-VERDI 1014,2
Washoe,RENO-VERDI 1015,2
Washoe,RENO-VERDI 1016,2
Washoe,RENO-VERDI 1017,2
Washoe,RENO-VERDI 1018,2
Washoe,RENO-VERDI 1020,2
Washoe,RENO-VERDI 1022,2
Washoe,RENO-VERDI 1023,2
Washoe,RENO-VERDI 1024,2
Washoe,RENO-VERDI 1026,2
Washoe,RENO-VERDI 1027,2
Washoe,RENO-VERDI 1029,2
Washoe,RENO-VERDI 1031,2
Washoe,RENO-VERDI 1032,2
Washoe,RENO-VERDI 1033,2
Washoe,RENO-VERDI 1035,2
Washoe,RENO-VERDI 1036,2
Washoe,RENO-VERDI 1038,2
Washoe,RENO-VERDI 1039,2
Washoe,RENO-VERDI 1043,2
Washoe,RENO-VERDI 1044,2
Washoe,RENO-VERDI 1045,2
Washoe,RENO-VERDI 1046,2
Washoe,RENO-VERDI 1047,2
Washoe,RENO-VERDI 1053,2
Washoe,RENO-VERDI 1055,2
Washoe,RENO-VERDI 1056,2
Washoe,RENO-VERDI 1057,2
Washoe,RENO-VERDI 2000,2
Washoe,RENO-VERDI 2004,2
Washoe,RENO-VERDI 2006,2
Washoe,RENO-VERDI 2007,2
Washoe,RENO-VERDI 2009,2
Washoe,RENO-VERDI 2010,2
Washoe,RENO-VERDI 2013,2
Washoe,RENO-VERDI 2014,2
Washoe,RENO-VERDI 2015,2
Washoe,RENO-VERDI 2016,2
Washoe,RENO-VERDI 2017,2
Washoe,RENO-VERDI 2018,2
Washoe,RENO-VERDI 2019,2
Washoe,RENO-VERDI 2020,2
Washoe,RENO-VERDI 2021,2
Washoe,RENO-VERDI 2022,2
Washoe,RENO-VERDI 2023,2
Washoe,RENO-VERDI 2025,2
Washoe,RENO-VERDI 2026,2
Washoe,RENO-VERDI 2027,2
Washoe,RENO-VERDI 2028,2
Washoe,RENO-VERDI 2029,2
Washoe,RENO-VERDI 2030,2
Washoe,RENO-VERDI 2031,2
Washoe,RENO-VERDI 2032,2
Washoe,RENO-VERDI 2033,2
Washoe,RENO-VERDI 2034,2
Washoe,RENO-VERDI 2035,2
Washoe,RENO-VERDI 2036,2
Washoe,RENO-VERDI 2037,2
Washoe,RENO-VERDI 2038,2
Washoe,RENO-VERDI 2039,2
Washoe,RENO-VERDI 2040,2
Washoe,RENO-VERDI 2041,2
Washoe,RENO-VERDI 2042,2
Washoe,RENO-VERDI 2043,2
Washoe,RENO-VERDI 2047,2
Washoe,RENO-VERDI 2049,2
Washoe,RENO-VERDI 2050,2
Washoe,RENO-VERDI 2058,2
Washoe,RENO-VERDI 2060,2
Washoe,RENO-VERDI 2062,2
Washoe,RENO-VERDI 2065,2
Washoe,RENO-VERDI 2068,2
Washoe,RENO-VERDI 2070,2
Washoe,RENO-VERDI 2080,2
Washoe,RENO-VERDI 2081,2
Washoe,RENO-VERDI 3000,2
Washoe,RENO-VERDI 3001,2
Washoe,RENO-VERDI 3004,2
Washoe,RENO-VERDI 3005,2
Washoe,RENO-VERDI 3006,2
Washoe,RENO-VERDI 3007,2
Washoe,RENO-VERDI 3008,2
Washoe,RENO-VERDI 3009,2
Washoe,RENO-VERDI 3010,2
Washoe,RENO-VERDI 3011,2
Washoe,RENO-VERDI 3012,2
Washoe,RENO-VERDI 3013,2
Washoe,RENO-VERDI 3014,2
Washoe,RENO-VERDI 3015,2
Washoe,RENO-VERDI 3016,2
Washoe,RENO-VERDI 3017,2
Washoe,RENO-VERDI 3018,2
Washoe,RENO-VERDI 3019,2
Washoe,RENO-VERDI 3020,2
Washoe,RENO-VERDI 3021,2
Washoe,RENO-VERDI 3022,2
Washoe,RENO-VERDI 3023,2
Washoe,RENO-VERDI 3024,2
Washoe,RENO-VERDI 3026,2
Washoe,RENO-VERDI 3028,2
Washoe,RENO-VERDI 3029,2
Washoe,RENO-VERDI 3030,2
Washoe,RENO-VERDI 3031,2
Washoe,RENO-VERDI 3032,2
Washoe,RENO-VERDI 3036,2
Washoe,RENO-VERDI 3038,2
Washoe,RENO-VERDI 3040,2
Washoe,RENO-VERDI 3041,2
Washoe,RENO-VERDI 3046,2
Washoe,RENO-VERDI 4000,2
Washoe,RENO-VERDI 4002,2
Washoe,RENO-VERDI 4003,2
Washoe,RENO-VERDI 4005,2
Washoe,RENO-VERDI 4007,2
Washoe,RENO-VERDI 4009,2
Washoe,RENO-VERDI 4012,2
Washoe,RENO-VERDI 4014,2
Washoe,RENO-VERDI 4016,2
Washoe,RENO-VERDI 4017,2
Washoe,RENO-VERDI 4019,2
Washoe,RENO-VERDI 4020,2
Washoe,RENO-VERDI 4021,2
Washoe,RENO-VERDI 4022,2
Washoe,RENO-VERDI 4023,2
Washoe,RENO-VERDI 4024,2
Washoe,RENO-VERDI 4025,2
Washoe,RENO-VERDI 4031,2
Washoe,RENO-VERDI 4032,2
Washoe,RENO-VERDI 4033,2
Washoe,RENO-VERDI 4035,2
Washoe,RENO-VERDI 4036,2
Washoe,RENO-VERDI 4037,2
Washoe,RENO-VERDI 4038,2
Washoe,RENO-VERDI 4039,2
Washoe,RENO-VERDI 4041,2
Washoe,RENO-VERDI 4043,2
Washoe,RENO-VERDI 4045,2
Washoe,RENO-VERDI 4046,2
Washoe,RENO-VERDI 4047,2
Washoe,RENO-VERDI 4053,2
Washoe,RENO-VERDI 5000,2
Washoe,RENO-VERDI 5001,2
Washoe,RENO-VERDI 5003,2
Washoe,RENO-VERDI 5005,2
Washoe,RENO-VERDI 5006,2
Washoe,RENO-VERDI 5007,2
Washoe,RENO-VERDI 5008,2
Washoe,RENO-VERDI 5009,2
Washoe,RENO-VERDI 5010,2
Washoe,RENO-VERDI 5011,2
Washoe,RENO-VERDI 5012,2
Washoe,RENO-VERDI 5013,2
Washoe,RENO-VERDI 5014,2
Washoe,RENO-VERDI 5015,2
Washoe,RENO-VERDI 5016,2
Washoe,RENO-VERDI 5018,2
Washoe,RENO-VERDI 5019,2
Washoe,RENO-VERDI 5020,2
Washoe,RENO-VERDI 5022,2
Washoe,RENO-VERDI 5024,2
Washoe,RENO-VERDI 5026,2
Washoe,RENO-VERDI 5027,2
Washoe,RENO-VERDI 5030,2
Washoe,RENO-VERDI 5031,2
Washoe,RENO-VERDI 5032,2
Washoe,RENO-VERDI 5033,2
Washoe,RENO-VERDI 5034,2
Washoe,RENO-VERDI 5035,2
Washoe,RENO-VERDI 5036,2
Washoe,RENO-VERDI 5039,2
Washoe,RENO-VERDI 5040,2
Washoe,RENO-VERDI 5041,2
Washoe,RENO-VERDI 5045,2
Washoe,RENO-VERDI 5046,2
Washoe,RENO-VERDI 5047,2
Washoe,RENO-VERDI 5048,2
Washoe,RENO-VERDI 5048 (MP),2
Washoe,RENO-VERDI 5053,2
Washoe,RENO-VERDI 5056,2
Washoe,RENO-VERDI 5062,2
Washoe,RENO-VERDI 5063,2
Washoe,RENO-VERDI 5064,2
Washoe,RENO-VERDI 5066,2
Washoe,RENO-VERDI 7102,2
Washoe,RENO-VERDI 7300,2
Washoe,RENO-VERDI 7307,2
Washoe,RENO-VERDI 7319,2
Washoe,RENO-VERDI 7506,2
Washoe,RENO-VERDI 7507,2
Washoe,RENO-VERDI 7508,2
Washoe,RENO-VERDI 7516,2
Washoe,RENO-VERDI 7519,2
Washoe,RENO-VERDI 7520,2
Washoe,RENO-VERDI 7523,2
Washoe,RENO-VERDI 7524,2
Washoe,RENO-VERDI 7525,2
Washoe,RENO-VERDI 7526,2
Washoe,RENO-VERDI 7527,2
Washoe,RENO-VERDI 7529,2
Washoe,RENO-VERDI 7529 (MP),2
Washoe,RENO-VERDI 7532,2
Washoe,RENO-VERDI 7536,2
Washoe,RENO-VERDI 7537,2
Washoe,RENO-VERDI 7540,2
Washoe,RENO-VERDI 7541,2
Washoe,RENO-VERDI 7542,2
Washoe,RENO-VERDI 7543,2
Washoe,RENO-VERDI 7545,2
Washoe,RENO-VERDI 7547,2
Washoe,RENO-VERDI 7547 (MP),2
Washoe,RENO-VERDI 7548,2
Washoe,RENO-VERDI 7551,2
Washoe,RENO-VERDI 7552,2
Washoe,RENO-VERDI 7553,2
Washoe,RENO-VERDI 7556,2
Washoe,RENO-VERDI 7557,2
Washoe,RENO-VERDI 7559,2
Washoe,RENO-VERDI 7569,2
Washoe,RENO-VERDI 7570,2
Washoe,RENO-VERDI 7571,2
Washoe,RENO-VERDI 7572,2
Washoe,RENO-VERDI 7586,2
Washoe,RENO-VERDI 7587,2
Washoe,RENO-VERDI 8100,2
Washoe,RENO-VERDI 8101,2
Washoe,RENO-VERDI 8102,2
Washoe,RENO-VERDI 8103,2
Washoe,RENO-VERDI 8112,2
Washoe,RENO-VERDI 8113,2
Washoe,RENO-VERDI 8114,2
Washoe,RENO-VERDI 8118,2
Washoe,RENO-VERDI 8119,2
Washoe,RENO-VERDI 8122,2
Washoe,RENO-VERDI 8129,2
Washoe,RENO-VERDI 8200,2
Washoe,RENO-VERDI 8201,2
Washoe,RENO-VERDI 8202,2
Washoe,RENO-VERDI 8203,2
Washoe,RENO-VERDI 8204,2
Washoe,RENO-VERDI 8205,2
Washoe,RENO-VERDI 8206,2
Washoe,RENO-VERDI 8207,2
Washoe,RENO-VERDI 8208,2
Washoe,RENO-VERDI 8209,2
Washoe,RENO-VERDI 8210,2
Washoe,RENO-VERDI 8211,2
Washoe,RENO-VERDI 8213,2
Washoe,RENO-VERDI 8214,2
Washoe,RENO-VERDI 8216,2
Washoe,RENO-VERDI 8217,2
Washoe,RENO-VERDI 8219,2
Washoe,RENO-VERDI 8220,2
Washoe,RENO-VERDI 8221,2
Washoe,RENO-VERDI 8222,2
Washoe,RENO-VERDI 8227,2
Washoe,RENO-VERDI 8232,2
Washoe,RENO-VERDI 8233,2
Washoe,RENO-VERDI 8234,2
Washoe,RENO-VERDI 8235,2
Washoe,RENO-VERDI 8236,2
Washoe,RENO-VERDI 8237,2
Washoe,RENO-VERDI 8238,2
Washoe,RENO-VERDI 8240,2
Washoe,RENO-VERDI 8245,2
Washoe,RENO-VERDI 8247,2
Washoe,RENO-VERDI 8250,2
Washoe,RENO-VERDI 8253,2
Washoe,RENO-VERDI 8254,2
Washoe,RENO-VERDI 8256,2
Washoe,RENO-VERDI 8258,2
Washoe,RENO-VERDI 8261,2
Washoe,RENO-VERDI 8263,2
Washoe,RENO-VERDI 8264,2
Washoe,RENO-VERDI 8271,2
Washoe,RENO-VERDI 8273,2
Washoe,RENO-VERDI 8276,2
Washoe,RENO-VERDI 8277,2
Washoe,RENO-VERDI 8297,2
Washoe,RENO-VERDI 8401,2
Washoe,RENO-VERDI 8500,2
Washoe,RENO-VERDI 8502,2
Washoe,RENO-VERDI 8505,2
Washoe,RENO-VERDI 9103,2
Washoe,SPARKS 6100,2
Washoe,SPARKS 6101,2
Washoe,SPARKS 6103,2
Washoe,SPARKS 6105,2
Washoe,SPARKS 6106,2
Washoe,SPARKS 6107,2
Washoe,SPARKS 6108,2
Washoe,SPARKS 6109,2
Washoe,SPARKS 6110,2
Washoe,SPARKS 6111,2
Washoe,SPARKS 6113,2
Washoe,SPARKS 6114,2
Washoe,SPARKS 6115,2
Washoe,SPARKS 6202,2
Washoe,SPARKS 6203,2
Washoe,SPARKS 6204,2
Washoe,SPARKS 6205,2
Washoe,SPARKS 6206,2
Washoe,SPARKS 6208,2
Washoe,SPARKS 6209,2
Washoe,SPARKS 6210,2
Washoe,SPARKS 6211,2
Washoe,SPARKS 6212,2
Washoe,SPARKS 6213,2
Washoe,SPARKS 6214,2
Washoe,SPARKS 6216,2
Washoe,SPARKS 6300,2
Washoe,SPARKS 6301,2
Washoe,SPARKS 6302,2
Washoe,SPARKS 6303 (MP),2
Washoe,SPARKS 6306,2
Washoe,SPARKS 6307,2
Washoe,SPARKS 6308,2
Washoe,SPARKS 6310,2
Washoe,SPARKS 6311,2
Washoe,SPARKS 6313,2
Washoe,SPARKS 6314,2
Washoe,SPARKS 6318,2
Washoe,SPARKS 6319,2
Washoe,SPARKS 6320,2
Washoe,SPARKS 6400,2
Washoe,SPARKS 6403,2
Washoe,SPARKS 6405,2
Washoe,SPARKS 6411,2
Washoe,SPARKS 6413,2
Washoe,SPARKS 6415,2
Washoe,SPARKS 6416,2
Washoe,SPARKS 6418,2
Washoe,SPARKS 6422,2
Washoe,SPARKS 6423,2
Washoe,SPARKS 6425,2
Washoe,SPARKS 6500,2
Washoe,SPARKS 6501,2
Washoe,SPARKS 6508,2
Washoe,SPARKS 6511,2
Washoe,SPARKS 6513,2
Washoe,SPARKS 6514,2
Washoe,SPARKS 6516,2
Washoe,SPARKS 6519,2
Washoe,SPARKS 6520,2
Washoe,SPARKS 6521,2
Washoe,SPARKS 6522,2
Washoe,SPARKS 6523,2
Washoe,SPARKS 6524,2
Washoe,SPARKS 6525,2
Washoe,SPARKS 6526,2
Washoe,SPARKS 7301,2
Washoe,SPARKS 7304,2
Washoe,SPARKS 7306,2
Washoe,SPARKS 7308,2
Washoe,SPARKS 7309,2
Washoe,SPARKS 7310,2
Washoe,SPARKS 7312,2
Washoe,SPARKS 7313,2
Washoe,SPARKS 7314,2
Washoe,SPARKS 7316,2
Washoe,SPARKS 7318,2
Washoe,SPARKS 7322,2
Washoe,SPARKS 7401,2
Washoe,SPARKS 7402,2
Washoe,SPARKS 7404,2
Washoe,SPARKS 7407,2
Washoe,SPARKS 7408,2
Washoe,SPARKS 7410,2
Washoe,SPARKS 7414,2
Washoe,SPARKS 7415,2
Washoe,SPARKS 7416,2
Washoe,SPARKS 7417,2
Washoe,SPARKS 7418,2
Washoe,SPARKS 7424,2
Washoe,SPARKS 7425,2
Washoe,SPARKS 7426,2
Washoe,SPARKS 7430,2
Washoe,SPARKS 7431,2
Washoe,SPARKS 7433,2
Washoe,SPARKS 7500,2
Washoe,SPARKS 7501,2
Washoe,SPARKS 7502,2
Washoe,SPARKS 7503,2
Washoe,SPARKS 7504,2
Washoe,SPARKS 7505,2
Washoe,SPARKS 7512,2
Washoe,SPARKS 7513,2
Washoe,SPARKS 7514,2
Washoe,SPARKS 7517,2
Washoe,SPARKS 7533,2
Washoe,SPARKS 7534,2
Washoe,SPARKS 7550,2
Washoe,SPARKS 7563,2
Washoe,SPARKS 7565,2
Washoe,SPARKS 7573,2
Washoe,SPARKS 7576,2
Washoe,SPARKS 7577,2
Washoe,SPARKS 7578,2
Washoe,SPARKS 7579,2
Washoe,SPARKS 7579 (MP),2
Washoe,SPARKS 7582,2
Washoe,SPARKS 7588,2
Washoe,SPARKS 7591,2
Washoe,SPARKS 7592,2
Washoe,SPARKS 7593,2
White Pine,01,2
White Pine,02,2
White Pine,03,2
White Pine,04,2
White Pine,05,2
White Pine,06,2
White Pine,07,2
White Pine,08,2
White Pine,09,2
White Pine,1,2
White Pine,2,2
White Pine,3,2
White Pine,4,2
White Pine,6,2
White Pine,7,4
White Pine,8,2
White Pine,9,4
