statefp00,countyfp00,vtdidfp00,vtdst00,tabblock00_count
32,001,320010005,0005,40
32,001,320010010,0010,46
32,001,320010015,0015,42
32,001,320010020,0020,43
32,001,320010025,0025,53
32,001,320010030,0030,44
32,001,320010035,0035,44
32,001,320010040,0040,26
32,001,320010045,0045,197
32,001,320010050,0050,44
32,001,320010055,0055,37
32,001,320010060,0060,263
32,001,320010065,0065,57
32,001,320010070,0070,122
32,001,320010075,0075,244
32,001,320010080,0080,36
32,001,320010085,0085,224
32,001,320010090,0090,636
32,001,320010095,0095,185
32,003,320031001,1001,16
32,003,320031002,1002,18
32,003,320031003,1003,30
32,003,320031004,1004,37
32,003,320031005,1005,24
32,003,320031006,1006,21
32,003,320031007,1007,20
32,003,320031008,1008,19
32,003,320031009,1009,16
32,003,320031010,1010,11
32,003,320031011,1011,67
32,003,320031012,1012,25
32,003,320031013,1013,10
32,003,320031014,1014,29
32,003,320031015,1015,57
32,003,320031016,1016,21
32,003,320031017,1017,92
32,003,320031018,1018,211
32,003,320031019,1019,44
32,003,320031020,1020,9
32,003,320031021,1021,39
32,003,320031022,1022,41
32,003,320031023,1023,19
32,003,320031024,1024,25
32,003,320031026,1026,7
32,003,320031027,1027,23
32,003,320031028,1028,16
32,003,320031029,1029,34
32,003,320031030,1030,11
32,003,320031031,1031,45
32,003,320031032,1032,32
32,003,320031034,1034,75
32,003,320031035,1035,4
32,003,320031036,1036,15
32,003,320031037,1037,3
32,003,320031038,1038,5
32,003,320031039,1039,18
32,003,320031040,1040,16
32,003,320031041,1041,67
32,003,320031042,1042,75
32,003,320031043,1043,6
32,003,320031044,1044,6
32,003,320031045,1045,3
32,003,320031046,1046,20
32,003,320031047,1047,14
32,003,320031052,1052,5
32,003,320031053,1053,32
32,003,320031054,1054,54
32,003,320031055,1055,73
32,003,320031056,1056,37
32,003,320031057,1057,47
32,003,320031058,1058,30
32,003,320031059,1059,12
32,003,320031060,1060,12
32,003,320031061,1061,3
32,003,320031062,1062,319
32,003,320031063,1063,52
32,003,320031064,1064,54
32,003,320031065,1065,76
32,003,320031066,1066,19
32,003,320031069,1069,91
32,003,320031070,1070,2
32,003,320031071,1071,109
32,003,320031072,1072,323
32,003,320031073,1073,31
32,003,320031074,1074,61
32,003,320031076,1076,11
32,003,320031078,1078,1
32,003,320031079,1079,75
32,003,320031080,1080,28
32,003,320031081,1081,13
32,003,320031082,1082,38
32,003,320031083,1083,106
32,003,320031084,1084,22
32,003,320031085,1085,18
32,003,320031086,1086,25
32,003,320031087,1087,41
32,003,320031088,1088,34
32,003,320031089,1089,82
32,003,320031090,1090,47
32,003,320031091,1091,24
32,003,320031092,1092,29
32,003,320031093,1093,64
32,003,320031094,1094,66
32,003,320031095,1095,34
32,003,320031096,1096,17
32,003,320031097,1097,47
32,003,320031098,1098,12
32,003,320031099,1099,82
32,003,320031100,1100,28
32,003,320031101,1101,13
32,003,320031102,1102,14
32,003,320031103,1103,17
32,003,320031104,1104,18
32,003,320031105,1105,6
32,003,320031106,1106,16
32,003,320031107,1107,39
32,003,320031108,1108,18
32,003,320031109,1109,3
32,003,320031110,1110,27
32,003,320031111,1111,30
32,003,320031112,1112,12
32,003,320031113,1113,14
32,003,320031114,1114,28
32,003,320031115,1115,14
32,003,320031116,1116,22
32,003,320031117,1117,19
32,003,320031118,1118,38
32,003,320031119,1119,33
32,003,320031120,1120,102
32,003,320031122,1122,131
32,003,320031123,1123,8
32,003,320031124,1124,44
32,003,320031125,1125,29
32,003,320031126,1126,10
32,003,320031127,1127,47
32,003,320031128,1128,82
32,003,320032001,2001,12
32,003,320032002,2002,30
32,003,320032003,2003,142
32,003,320032004,2004,2
32,003,320032005,2005,12
32,003,320032006,2006,36
32,003,320032007,2007,37
32,003,320032008,2008,15
32,003,320032009,2009,69
32,003,320032010,2010,29
32,003,320032011,2011,53
32,003,320032012,2012,18
32,003,320032015,2015,25
32,003,320032016,2016,14
32,003,320032017,2017,3
32,003,320032018,2018,2
32,003,320032019,2019,8
32,003,320032020,2020,3
32,003,320032021,2021,4
32,003,320032022,2022,21
32,003,320032023,2023,19
32,003,320032024,2024,1
32,003,320032025,2025,132
32,003,320032026,2026,169
32,003,320032029,2029,41
32,003,320032033,2033,6
32,003,320032034,2034,58
32,003,320032035,2035,62
32,003,320032037,2037,33
32,003,320032038,2038,7
32,003,320032039,2039,17
32,003,320032042,2042,20
32,003,320032043,2043,12
32,003,320032044,2044,40
32,003,320032046,2046,19
32,003,320032047,2047,13
32,003,320032048,2048,16
32,003,320032049,2049,12
32,003,320032050,2050,1
32,003,320032051,2051,2
32,003,320032052,2052,1
32,003,320032053,2053,13
32,003,320032054,2054,3
32,003,320032055,2055,3
32,003,320032056,2056,4
32,003,320032057,2057,7
32,003,320032058,2058,14
32,003,320032059,2059,1
32,003,320032060,2060,6
32,003,320032061,2061,13
32,003,320032062,2062,18
32,003,320032063,2063,38
32,003,320032064,2064,2
32,003,320032065,2065,14
32,003,320032066,2066,24
32,003,320032067,2067,18
32,003,320032069,2069,23
32,003,320032070,2070,17
32,003,320032071,2071,35
32,003,320032072,2072,7
32,003,320032073,2073,29
32,003,320032074,2074,32
32,003,320032075,2075,32
32,003,320032076,2076,262
32,003,320032077,2077,65
32,003,320032078,2078,43
32,003,320032079,2079,1
32,003,320032082,2082,20
32,003,320032083,2083,6
32,003,320032084,2084,13
32,003,320032085,2085,23
32,003,320032087,2087,15
32,003,320032091,2091,5
32,003,320032095,2095,107
32,003,320032099,2099,16
32,003,320032102,2102,2
32,003,320032103,2103,6
32,003,320032104,2104,7
32,003,320032105,2105,12
32,003,320032106,2106,3
32,003,320032107,2107,11
32,003,320032108,2108,11
32,003,320032109,2109,10
32,003,320032110,2110,17
32,003,320032111,2111,6
32,003,320032112,2112,1
32,003,320032113,2113,18
32,003,320032114,2114,4
32,003,320032115,2115,54
32,003,320032116,2116,17
32,003,320032117,2117,10
32,003,320032118,2118,9
32,003,320032119,2119,20
32,003,320032120,2120,19
32,003,320032121,2121,4
32,003,320032122,2122,13
32,003,320032123,2123,16
32,003,320032124,2124,9
32,003,320032125,2125,21
32,003,320032126,2126,14
32,003,320032127,2127,14
32,003,320032128,2128,26
32,003,320032129,2129,18
32,003,320032130,2130,1
32,003,320032131,2131,15
32,003,320032132,2132,5
32,003,320032133,2133,25
32,003,320032134,2134,18
32,003,320032137,2137,2
32,003,320032140,2140,8
32,003,320032142,2142,1
32,003,320032147,2147,5
32,003,320033002,3002,40
32,003,320033003,3003,13
32,003,320033004,3004,25
32,003,320033005,3005,48
32,003,320033006,3006,24
32,003,320033007,3007,65
32,003,320033008,3008,58
32,003,320033009,3009,16
32,003,320033010,3010,24
32,003,320033012,3012,55
32,003,320033013,3013,49
32,003,320033014,3014,47
32,003,320033015,3015,32
32,003,320033016,3016,23
32,003,320033017,3017,17
32,003,320033018,3018,3
32,003,320033019,3019,13
32,003,320033021,3021,1
32,003,320033022,3022,5
32,003,320033023,3023,8
32,003,320033024,3024,8
32,003,320033025,3025,1
32,003,320033026,3026,28
32,003,320033027,3027,29
32,003,320033029,3029,3
32,003,320033030,3030,10
32,003,320033031,3031,14
32,003,320033032,3032,22
32,003,320033033,3033,19
32,003,320033034,3034,32
32,003,320033035,3035,12
32,003,320033036,3036,25
32,003,320033037,3037,14
32,003,320033038,3038,14
32,003,320033039,3039,27
32,003,320033040,3040,16
32,003,320033041,3041,82
32,003,320033042,3042,32
32,003,320033043,3043,32
32,003,320033044,3044,31
32,003,320033045,3045,20
32,003,320033046,3046,30
32,003,320033047,3047,5
32,003,320033048,3048,24
32,003,320033049,3049,36
32,003,320033050,3050,12
32,003,320033051,3051,14
32,003,320033053,3053,11
32,003,320033054,3054,1
32,003,320033055,3055,1
32,003,320033056,3056,2
32,003,320033057,3057,4
32,003,320033060,3060,10
32,003,320033061,3061,4
32,003,320033062,3062,1
32,003,320033063,3063,7
32,003,320033066,3066,8
32,003,320033068,3068,5
32,003,320033069,3069,24
32,003,320033070,3070,6
32,003,320033071,3071,32
32,003,320033072,3072,11
32,003,320033073,3073,14
32,003,320033074,3074,21
32,003,320033075,3075,17
32,003,320033076,3076,4
32,003,320033077,3077,6
32,003,320033078,3078,10
32,003,320033079,3079,11
32,003,320033080,3080,15
32,003,320033081,3081,9
32,003,320033082,3082,22
32,003,320033083,3083,27
32,003,320033084,3084,29
32,003,320033085,3085,28
32,003,320033086,3086,78
32,003,320033087,3087,19
32,003,320033088,3088,13
32,003,320033089,3089,22
32,003,320033090,3090,25
32,003,320033091,3091,8
32,003,320033092,3092,17
32,003,320033093,3093,13
32,003,320033095,3095,24
32,003,320033096,3096,1
32,003,320033097,3097,24
32,003,320033098,3098,11
32,003,320033099,3099,6
32,003,320033100,3100,9
32,003,320033101,3101,9
32,003,320033102,3102,26
32,003,320033103,3103,19
32,003,320033104,3104,10
32,003,320033105,3105,16
32,003,320033106,3106,18
32,003,320033107,3107,11
32,003,320033108,3108,11
32,003,320033109,3109,8
32,003,320033110,3110,15
32,003,320033111,3111,20
32,003,320033112,3112,4
32,003,320033113,3113,22
32,003,320033114,3114,10
32,003,320033115,3115,26
32,003,320033116,3116,4
32,003,320033117,3117,6
32,003,320033118,3118,9
32,003,320033119,3119,23
32,003,320033120,3120,11
32,003,320033121,3121,3
32,003,320033123,3123,1
32,003,320033124,3124,1
32,003,320033125,3125,12
32,003,320033126,3126,15
32,003,320033127,3127,11
32,003,320033128,3128,22
32,003,320033129,3129,22
32,003,320033130,3130,50
32,003,320033131,3131,15
32,003,320033133,3133,37
32,003,320033136,3136,38
32,003,320033137,3137,159
32,003,320033138,3138,26
32,003,320033139,3139,4
32,003,320033140,3140,3
32,003,320033141,3141,198
32,003,320033142,3142,3
32,003,320033143,3143,39
32,003,320033145,3145,68
32,003,320033146,3146,42
32,003,320033147,3147,2
32,003,320033151,3151,1
32,003,320033152,3152,5
32,003,320033154,3154,4
32,003,320033162,3162,4
32,003,320033165,3165,7
32,003,320033167,3167,3
32,003,320033170,3170,4
32,003,320033172,3172,3
32,003,320033173,3173,2
32,003,320033174,3174,6
32,003,320033175,3175,13
32,003,320033177,3177,4
32,003,320033178,3178,2
32,003,320033179,3179,2
32,003,320033180,3180,2
32,003,320033181,3181,12
32,003,320033183,3183,9
32,003,320033184,3184,6
32,003,320033185,3185,13
32,003,320033186,3186,10
32,003,320033187,3187,19
32,003,320033188,3188,15
32,003,320033195,3195,93
32,003,320034001,4001,26
32,003,320034002,4002,100
32,003,320034003,4003,44
32,003,320034004,4004,31
32,003,320034005,4005,103
32,003,320034007,4007,27
32,003,320034008,4008,31
32,003,320034009,4009,19
32,003,320034010,4010,14
32,003,320034011,4011,47
32,003,320034012,4012,3
32,003,320034013,4013,4
32,003,320034014,4014,5
32,003,320034015,4015,47
32,003,320034016,4016,9
32,003,320034017,4017,67
32,003,320034018,4018,51
32,003,320034019,4019,2
32,003,320034020,4020,16
32,003,320034021,4021,14
32,003,320034022,4022,2
32,003,320034023,4023,2
32,003,320034024,4024,12
32,003,320034025,4025,11
32,003,320034026,4026,21
32,003,320034027,4027,10
32,003,320034028,4028,19
32,003,320034029,4029,38
32,003,320034030,4030,14
32,003,320034031,4031,12
32,003,320034032,4032,42
32,003,320034033,4033,5
32,003,320034035,4035,12
32,003,320034036,4036,13
32,003,320034037,4037,123
32,003,320034038,4038,38
32,003,320034039,4039,36
32,003,320034040,4040,26
32,003,320034042,4042,11
32,003,320034043,4043,2
32,003,320034044,4044,16
32,003,320034045,4045,4
32,003,320034046,4046,6
32,003,320034047,4047,4
32,003,320034048,4048,26
32,003,320034049,4049,20
32,003,320034050,4050,2
32,003,320034051,4051,54
32,003,320034052,4052,5
32,003,320034053,4053,26
32,003,320034054,4054,53
32,003,320034055,4055,54
32,003,320034056,4056,4
32,003,320034057,4057,3
32,003,320034058,4058,1
32,003,320034059,4059,53
32,003,320034060,4060,7
32,003,320034061,4061,1
32,003,320034062,4062,26
32,003,320034063,4063,10
32,003,320034064,4064,8
32,003,320034065,4065,12
32,003,320034066,4066,1
32,003,320034067,4067,21
32,003,320034068,4068,20
32,003,320034069,4069,7
32,003,320034071,4071,1
32,003,320034072,4072,1
32,003,320034073,4073,2
32,003,320035001,5001,4
32,003,320035002,5002,32
32,003,320035003,5003,1
32,003,320035004,5004,17
32,003,320035005,5005,26
32,003,320035006,5006,34
32,003,320035007,5007,20
32,003,320035008,5008,34
32,003,320035009,5009,13
32,003,320035010,5010,22
32,003,320035011,5011,29
32,003,320035012,5012,17
32,003,320035013,5013,18
32,003,320035014,5014,10
32,003,320035015,5015,19
32,003,320035016,5016,14
32,003,320035017,5017,17
32,003,320035018,5018,21
32,003,320035019,5019,45
32,003,320035020,5020,40
32,003,320035021,5021,64
32,003,320035022,5022,39
32,003,320035023,5023,6
32,003,320035024,5024,3
32,003,320035025,5025,16
32,003,320035026,5026,7
32,003,320035027,5027,10
32,003,320035028,5028,20
32,003,320035029,5029,13
32,003,320035030,5030,14
32,003,320035032,5032,17
32,003,320035033,5033,8
32,003,320035034,5034,15
32,003,320035035,5035,16
32,003,320035036,5036,23
32,003,320035037,5037,22
32,003,320035038,5038,4
32,003,320035039,5039,4
32,003,320035040,5040,5
32,003,320035041,5041,19
32,003,320035042,5042,12
32,003,320035043,5043,14
32,003,320035044,5044,25
32,003,320035046,5046,28
32,003,320035047,5047,8
32,003,320035048,5048,4
32,003,320035049,5049,7
32,003,320035050,5050,4
32,003,320035051,5051,19
32,003,320035052,5052,2
32,003,320035053,5053,20
32,003,320035055,5055,10
32,003,320035056,5056,5
32,003,320035057,5057,16
32,003,320035058,5058,5
32,003,320035059,5059,12
32,003,320035060,5060,12
32,003,320035062,5062,17
32,003,320035063,5063,10
32,003,320035064,5064,4
32,003,320035065,5065,8
32,003,320035066,5066,13
32,003,320035067,5067,7
32,003,320035068,5068,2
32,003,320035069,5069,1
32,003,320035070,5070,2
32,003,320035071,5071,6
32,003,320035072,5072,6
32,003,320035073,5073,5
32,003,320035074,5074,9
32,003,320035075,5075,8
32,003,320036002,6002,4
32,003,320036003,6003,8
32,003,320036004,6004,8
32,003,320036005,6005,11
32,003,320036006,6006,10
32,003,320036007,6007,13
32,003,320036008,6008,6
32,003,320036009,6009,11
32,003,320036010,6010,8
32,003,320036011,6011,14
32,003,320036012,6012,13
32,003,320036013,6013,14
32,003,320036014,6014,2
32,003,320036015,6015,42
32,003,320036016,6016,40
32,003,320036017,6017,3
32,003,320036018,6018,14
32,003,320036019,6019,21
32,003,320036020,6020,15
32,003,320036021,6021,8
32,003,320036022,6022,14
32,003,320036023,6023,6
32,003,320036024,6024,18
32,003,320036025,6025,12
32,003,320036026,6026,18
32,003,320036028,6028,3
32,003,320036029,6029,7
32,003,320036030,6030,17
32,003,320036032,6032,16
32,003,320036033,6033,3
32,003,320036034,6034,9
32,003,320036036,6036,22
32,003,320036037,6037,3
32,003,320036038,6038,1
32,003,320036039,6039,10
32,003,320036040,6040,9
32,003,320036041,6041,16
32,003,320036042,6042,6
32,003,320036043,6043,60
32,003,320036044,6044,10
32,003,320036045,6045,9
32,003,320036046,6046,7
32,003,320036047,6047,28
32,003,320036048,6048,17
32,003,320036049,6049,26
32,003,320036050,6050,3
32,003,320036051,6051,24
32,003,320036052,6052,14
32,003,320036053,6053,43
32,003,320036054,6054,22
32,003,320036055,6055,101
32,003,320036057,6057,26
32,003,320036058,6058,23
32,003,320036059,6059,11
32,003,320036060,6060,15
32,003,320036061,6061,20
32,003,320036062,6062,17
32,003,320036063,6063,17
32,003,320036064,6064,10
32,003,320036065,6065,29
32,003,320036066,6066,17
32,003,320036067,6067,5
32,003,320036068,6068,2
32,003,320036070,6070,19
32,003,320036071,6071,11
32,003,320036072,6072,10
32,003,320036073,6073,11
32,003,320036074,6074,7
32,003,320036075,6075,14
32,003,320036076,6076,14
32,003,320036077,6077,10
32,003,320036078,6078,13
32,003,320036079,6079,16
32,003,320036080,6080,53
32,003,320036084,6084,177
32,003,320036086,6086,19
32,003,320036087,6087,50
32,003,320036088,6088,133
32,003,320036091,6091,6
32,003,320036092,6092,243
32,003,320036093,6093,19
32,003,320036094,6094,82
32,003,320036095,6095,127
32,003,320036102,6102,1
32,003,320036103,6103,38
32,003,320036104,6104,67
32,003,320037002,7002,33
32,003,320037003,7003,1
32,003,320037005,7005,24
32,003,320037006,7006,2
32,003,320037007,7007,11
32,003,320037008,7008,12
32,003,320037009,7009,12
32,003,320037010,7010,2
32,003,320037011,7011,24
32,003,320037012,7012,11
32,003,320037013,7013,28
32,003,320037014,7014,22
32,003,320037015,7015,18
32,003,320037016,7016,9
32,003,320037017,7017,7
32,003,320037018,7018,10
32,003,320037019,7019,2
32,003,320037021,7021,25
32,003,320037023,7023,24
32,003,320037024,7024,2
32,003,320037025,7025,4
32,003,320037026,7026,8
32,003,320037027,7027,5
32,003,320037028,7028,5
32,003,320037029,7029,13
32,003,320037030,7030,6
32,003,320037031,7031,17
32,003,320037032,7032,17
32,003,320037033,7033,15
32,003,320037034,7034,13
32,003,320037035,7035,18
32,003,320037036,7036,16
32,003,320037037,7037,12
32,003,320037038,7038,14
32,003,320037039,7039,38
32,003,320037040,7040,27
32,003,320037041,7041,24
32,003,320037042,7042,28
32,003,320037043,7043,33
32,003,320037044,7044,17
32,003,320037045,7045,10
32,003,320037046,7046,26
32,003,320037047,7047,14
32,003,320037048,7048,26
32,003,320037049,7049,20
32,003,320037050,7050,17
32,003,320037051,7051,28
32,003,320037052,7052,27
32,003,320037053,7053,2
32,003,320037054,7054,2
32,003,320037055,7055,5
32,003,320037056,7056,3
32,003,320037057,7057,2
32,003,320037058,7058,10
32,003,320037060,7060,2
32,003,320037061,7061,9
32,003,320037062,7062,12
32,003,320037063,7063,14
32,003,320037064,7064,6
32,003,320037066,7066,11
32,003,320037067,7067,2
32,003,320037068,7068,10
32,003,320037069,7069,5
32,003,320037070,7070,5
32,003,320037071,7071,10
32,003,320037072,7072,5
32,003,320037073,7073,1
32,003,320037074,7074,11
32,003,320037075,7075,8
32,003,320037076,7076,3
32,003,320037077,7077,6
32,003,320037078,7078,43
32,003,320037079,7079,28
32,003,320037080,7080,16
32,003,320037081,7081,6
32,003,320037082,7082,17
32,003,320037083,7083,12
32,003,320037084,7084,20
32,003,320037085,7085,20
32,003,320037086,7086,22
32,003,320037087,7087,8
32,003,320037088,7088,1
32,003,320037089,7089,13
32,003,320037090,7090,58
32,003,320037091,7091,12
32,003,320037092,7092,22
32,003,320037093,7093,1
32,003,320037094,7094,1
32,005,320050005,0005,44
32,005,320050010,0010,34
32,005,320050015,0015,40
32,005,320050020,0020,13
32,005,320050025,0025,38
32,005,320050030,0030,77
32,005,320050035,0035,50
32,005,320050040,0040,15
32,005,320050045,0045,17
32,005,320050050,0050,86
32,005,320050055,0055,58
32,005,320050060,0060,24
32,005,320050065,0065,68
32,005,320050070,0070,131
32,005,320050075,0075,71
32,005,320050080,0080,97
32,005,320050085,0085,86
32,005,320050090,0090,17
32,005,320050095,0095,31
32,005,320050100,0100,55
32,005,320050105,0105,19
32,005,320050110,0110,21
32,005,320050115,0115,17
32,005,320050120,0120,11
32,005,320050125,0125,26
32,005,320050130,0130,22
32,005,320050135,0135,39
32,005,320050140,0140,16
32,005,320050145,0145,69
32,005,320050150,0150,58
32,005,320050155,0155,17
32,005,320050160,0160,20
32,005,32005ZZZZZZ,ZZZZZZ,8
32,007,320070005,0005,57
32,007,320070010,0010,50
32,007,320070015,0015,75
32,007,320070020,0020,75
32,007,320070025,0025,18
32,007,320070030,0030,15
32,007,320070035,0035,9
32,007,320070040,0040,33
32,007,320070045,0045,83
32,007,320070050,0050,119
32,007,320070055,0055,38
32,007,320070070,0070,65
32,007,320070075,0075,51
32,007,320070080,0080,46
32,007,320070085,0085,629
32,007,320070090,0090,253
32,007,320070095,0095,120
32,007,320070100,0100,182
32,007,320070105,0105,119
32,007,320070110,0110,602
32,007,320070115,0115,392
32,007,320070120,0120,720
32,007,320070125,0125,177
32,007,320070130,0130,260
32,007,320070135,0135,205
32,007,320070140,0140,290
32,007,320070145,0145,70
32,007,320070150,0150,669
32,007,320070160,0160,537
32,007,320070170,0170,38
32,007,320070175,0175,47
32,007,320070180,0180,82
32,007,320070185,0185,226
32,007,320070190,0190,483
32,007,320070195,0195,29
32,007,320070200,0200,31
32,007,320070205,0205,21
32,007,320070210,0210,30
32,009,320090005,0005,320
32,009,320090010,0010,147
32,009,320090015,0015,171
32,009,320090020,0020,187
32,009,320090025,0025,85
32,009,320090030,0030,210
32,011,320110005,0005,270
32,011,320110010,0010,237
32,011,320110015,0015,227
32,011,320110020,0020,515
32,011,320110025,0025,53
32,013,320130005,0005,70
32,013,320130010,0010,74
32,013,320130015,0015,57
32,013,320130020,0020,94
32,013,320130025,0025,246
32,013,320130030,0030,833
32,013,320130035,0035,756
32,013,320130040,0040,602
32,013,320130045,0045,226
32,013,320130050,0050,602
32,013,320130055,0055,84
32,013,320130060,0060,57
32,015,320150005,0005,78
32,015,320150010,0010,32
32,015,320150015,0015,122
32,015,320150020,0020,470
32,015,320150025,0025,507
32,015,320150030,0030,787
32,015,320150035,0035,4
32,015,320150040,0040,16
32,017,320170005,0005,308
32,017,320170010,0010,440
32,017,320170015,0015,178
32,017,320170020,0020,952
32,017,320170025,0025,235
32,019,320190005,0005,53
32,019,320190010,0010,150
32,019,320190015,0015,60
32,019,320190020,0020,35
32,019,320190025,0025,223
32,019,320190030,0030,279
32,019,320190035,0035,280
32,019,320190040,0040,149
32,019,320190045,0045,72
32,019,320190050,0050,67
32,019,320190055,0055,37
32,019,320190060,0060,639
32,019,320190065,0065,143
32,019,320190070,0070,107
32,019,320190075,0075,38
32,019,320190080,0080,154
32,021,320210005,0005,16
32,021,320210010,0010,31
32,021,320210015,0015,27
32,021,320210020,0020,29
32,021,320210025,0025,35
32,021,320210030,0030,40
32,021,320210035,0035,454
32,021,320210040,0040,29
32,021,320210045,0045,505
32,021,320210050,0050,31
32,021,320210055,0055,180
32,021,320210060,0060,26
32,023,320230005,0005,391
32,023,320230010,0010,484
32,023,320230015,0015,383
32,023,320230020,0020,327
32,023,320230025,0025,698
32,023,320230030,0030,65
32,023,320230035,0035,228
32,023,320230040,0040,37
32,023,320230045,0045,35
32,023,320230050,0050,45
32,023,320230055,0055,148
32,023,320230060,0060,336
32,023,320230065,0065,9
32,023,320230070,0070,169
32,023,320230075,0075,67
32,023,320230080,0080,151
32,023,320230085,0085,146
32,023,320230090,0090,129
32,023,320230095,0095,185
32,023,320230100,0100,133
32,023,320230105,0105,105
32,023,320230110,0110,223
32,023,320230115,0115,86
32,023,320230120,0120,144
32,023,320230125,0125,98
32,023,320230130,0130,52
32,023,320230135,0135,66
32,027,320270005,0005,1176
32,027,320270025,0025,278
32,027,320270030,0030,254
32,027,320270035,0035,714
32,029,320290005,0005,56
32,029,320290010,0010,107
32,029,320290015,0015,115
32,029,320290020,0020,57
32,029,320290025,0025,109
32,031,32031100,100,16
32,031,32031101,101,16
32,031,32031103,103,17
32,031,32031104,104,1
32,031,32031105,105,18
32,031,32031107,107,2
32,031,32031109,109,29
32,031,32031110,110,46
32,031,32031112,112,43
32,031,32031117,117,37
32,031,32031118,118,39
32,031,32031120,120,36
32,031,32031121,121,33
32,031,32031122,122,20
32,031,32031123,123,14
32,031,32031124,124,22
32,031,32031125,125,17
32,031,32031126,126,10
32,031,32031132,132,108
32,031,32031134,134,1
32,031,32031135,135,26
32,031,32031140,140,25
32,031,32031141,141,2
32,031,32031142,142,13
32,031,32031143,143,10
32,031,32031144,144,2
32,031,32031145,145,1
32,031,32031148,148,18
32,031,32031200,200,45
32,031,32031202,202,1
32,031,32031203,203,33
32,031,32031206,206,47
32,031,32031207,207,40
32,031,32031208,208,15
32,031,32031210,210,34
32,031,32031211,211,22
32,031,32031212,212,20
32,031,32031222,222,14
32,031,32031223,223,13
32,031,32031230,230,1
32,031,32031231,231,25
32,031,32031232,232,30
32,031,32031233,233,17
32,031,32031234,234,17
32,031,32031235,235,12
32,031,32031239,239,20
32,031,32031240,240,23
32,031,32031241,241,20
32,031,32031242,242,14
32,031,32031243,243,18
32,031,32031251,251,6
32,031,32031252,252,12
32,031,32031253,253,2
32,031,32031254,254,7
32,031,32031304,304,3
32,031,32031305,305,4
32,031,32031306,306,21
32,031,32031307,307,1
32,031,32031309,309,25
32,031,32031310,310,80
32,031,32031311,311,1
32,031,32031312,312,31
32,031,32031313,313,13
32,031,32031317,317,12
32,031,32031323,323,11
32,031,32031326,326,24
32,031,32031328,328,1
32,031,32031329,329,4
32,031,32031330,330,1
32,031,32031332,332,4
32,031,32031333,333,3
32,031,32031334,334,66
32,031,32031335,335,10
32,031,32031336,336,23
32,031,32031337,337,20
32,031,32031338,338,15
32,031,32031340,340,1
32,031,32031341,341,27
32,031,32031342,342,1
32,031,32031343,343,16
32,031,32031345,345,4
32,031,32031346,346,8
32,031,32031347,347,19
32,031,32031348,348,9
32,031,32031349,349,6
32,031,32031350,350,23
32,031,32031351,351,3
32,031,32031352,352,1
32,031,32031353,353,6
32,031,32031354,354,10
32,031,32031400,400,8
32,031,32031401,401,15
32,031,32031402,402,20
32,031,32031404,404,35
32,031,32031405,405,1
32,031,32031410,410,27
32,031,32031411,411,4
32,031,32031413,413,24
32,031,32031419,419,7
32,031,32031420,420,49
32,031,32031421,421,48
32,031,32031423,423,12
32,031,32031424,424,4
32,031,32031425,425,17
32,031,32031426,426,6
32,031,32031427,427,2
32,031,32031428,428,29
32,031,32031429,429,36
32,031,32031430,430,17
32,031,32031432,432,2
32,031,32031433,433,3
32,031,32031440,440,2
32,031,32031442,442,28
32,031,32031443,443,21
32,031,32031444,444,24
32,031,32031445,445,39
32,031,32031446,446,7
32,031,32031450,450,1
32,031,32031452,452,115
32,031,32031453,453,5
32,031,32031455,455,24
32,031,32031456,456,28
32,031,32031457,457,55
32,031,32031458,458,15
32,031,32031501,501,21
32,031,32031503,503,4
32,031,32031504,504,7
32,031,32031505,505,26
32,031,32031507,507,20
32,031,32031508,508,28
32,031,32031509,509,19
32,031,32031510,510,34
32,031,32031511,511,4
32,031,32031512,512,4
32,031,32031513,513,4
32,031,32031514,514,1
32,031,32031516,516,16
32,031,32031517,517,10
32,031,32031520,520,1
32,031,32031521,521,19
32,031,32031522,522,19
32,031,32031524,524,17
32,031,32031528,528,3
32,031,32031530,530,3
32,031,32031531,531,12
32,031,32031532,532,19
32,031,32031533,533,17
32,031,32031534,534,28
32,031,32031535,535,17
32,031,32031536,536,6
32,031,32031537,537,35
32,031,32031539,539,9
32,031,32031540,540,2
32,031,32031610,610,15
32,031,32031611,611,25
32,031,32031613,613,81
32,031,32031614,614,49
32,031,32031615,615,28
32,031,32031619,619,42
32,031,32031620,620,15
32,031,32031621,621,26
32,031,32031623,623,3
32,031,32031624,624,37
32,031,32031625,625,23
32,031,32031627,627,9
32,031,32031629,629,23
32,031,32031630,630,6
32,031,32031631,631,22
32,031,32031632,632,18
32,031,32031633,633,54
32,031,32031635,635,12
32,031,32031636,636,5
32,031,32031637,637,6
32,031,32031638,638,17
32,031,32031639,639,16
32,031,32031640,640,20
32,031,32031641,641,19
32,031,32031643,643,9
32,031,32031644,644,14
32,031,32031647,647,22
32,031,32031649,649,43
32,031,32031651,651,29
32,031,32031652,652,15
32,031,32031654,654,18
32,031,32031655,655,16
32,031,32031656,656,3
32,031,32031657,657,12
32,031,32031658,658,23
32,031,32031659,659,14
32,031,32031670,670,13
32,031,32031682,682,64
32,031,32031692,692,15
32,031,32031693,693,4
32,031,32031694,694,19
32,031,32031700,700,6
32,031,32031702,702,52
32,031,32031703,703,20
32,031,32031705,705,18
32,031,32031706,706,2
32,031,32031707,707,23
32,031,32031708,708,4
32,031,32031709,709,6
32,031,32031710,710,22
32,031,32031711,711,17
32,031,32031712,712,16
32,031,32031713,713,5
32,031,32031714,714,35
32,031,32031715,715,1
32,031,32031720,720,24
32,031,32031721,721,41
32,031,32031722,722,20
32,031,32031723,723,42
32,031,32031724,724,43
32,031,32031725,725,34
32,031,32031726,726,27
32,031,32031727,727,36
32,031,32031728,728,80
32,031,32031729,729,24
32,031,32031730,730,57
32,031,32031731,731,24
32,031,32031732,732,38
32,031,32031734,734,23
32,031,32031735,735,29
32,031,32031737,737,7
32,031,32031739,739,10
32,031,32031740,740,20
32,031,32031741,741,10
32,031,32031747,747,8
32,031,32031748,748,4
32,031,32031750,750,14
32,031,32031751,751,3
32,031,32031752,752,5
32,031,32031753,753,21
32,031,32031757,757,2
32,031,32031760,760,13
32,031,32031761,761,2
32,031,32031764,764,5
32,031,32031769,769,26
32,031,32031771,771,20
32,031,32031774,774,6
32,031,32031779,779,1
32,031,32031781,781,14
32,031,32031787,787,17
32,031,32031790,790,3
32,031,32031797,797,9
32,031,32031798,798,1
32,031,32031799,799,1
32,031,32031800,800,2
32,031,32031801,801,48
32,031,32031802,802,32
32,031,32031803,803,9
32,031,32031804,804,63
32,031,32031805,805,708
32,031,32031807,807,43
32,031,32031808,808,50
32,031,32031809,809,42
32,031,32031810,810,14
32,031,32031811,811,106
32,031,32031812,812,51
32,031,32031813,813,117
32,031,32031814,814,3
32,031,32031815,815,264
32,031,32031816,816,99
32,031,32031817,817,50
32,031,32031818,818,15
32,031,32031819,819,24
32,031,32031821,821,16
32,031,32031824,824,1
32,031,32031825,825,8
32,031,32031827,827,1
32,031,32031829,829,3
32,031,32031830,830,27
32,031,32031832,832,67
32,031,32031833,833,1
32,031,32031834,834,4
32,031,32031836,836,2
32,031,32031838,838,52
32,031,32031840,840,8
32,031,32031841,841,1
32,031,32031844,844,1
32,031,32031847,847,2
32,031,32031848,848,14
32,031,32031850,850,22
32,031,32031851,851,15
32,031,32031852,852,17
32,031,32031853,853,35
32,031,32031854,854,27
32,031,32031856,856,28
32,031,32031858,858,43
32,031,32031859,859,16
32,031,32031861,861,21
32,031,32031862,862,4
32,031,32031865,865,6
32,031,32031870,870,1
32,031,32031873,873,6
32,031,32031874,874,1
32,031,32031876,876,2
32,031,32031877,877,1
32,031,32031879,879,5
32,031,32031880,880,17
32,031,32031881,881,2
32,031,32031882,882,1
32,031,32031883,883,1
32,031,32031884,884,4
32,031,32031887,887,1
32,031,32031888,888,1
32,031,32031889,889,5
32,031,32031890,890,1
32,031,32031892,892,23
32,031,32031893,893,7
32,031,32031896,896,15
32,031,32031897,897,3
32,031,32031901,901,1
32,031,32031902,902,35
32,031,32031905,905,45
32,031,32031908,908,185
32,031,32031909,909,59
32,031,32031910,910,107
32,031,32031913,913,2
32,031,32031914,914,9
32,031,32031916,916,2
32,031,32031917,917,2
32,031,32031918,918,18
32,031,32031919,919,4
32,031,32031922,922,24
32,031,32031929,929,1
32,031,32031932,932,2
32,031,32031933,933,2
32,031,32031934,934,2
32,031,32031935,935,17
32,031,32031936,936,1
32,031,32031938,938,1
32,031,32031940,940,50
32,031,32031945,945,28
32,031,32031ZZZZZZ,ZZZZZZ,4
32,033,320330005,0005,93
32,033,320330010,0010,94
32,033,320330015,0015,94
32,033,320330020,0020,75
32,033,320330025,0025,70
32,033,320330030,0030,1403
32,033,320330035,0035,396
32,033,320330040,0040,304
32,033,320330045,0045,386
32,033,320330050,0050,135
32,510,325100101,0101,29
32,510,325100102,0102,23
32,510,325100104,0104,10
32,510,325100106,0106,19
32,510,325100107,0107,13
32,510,325100108,0108,21
32,510,325100109,0109,14
32,510,325100110,0110,55
32,510,325100111,0111,45
32,510,325100112,0112,10
32,510,325100113,0113,17
32,510,325100114,0114,16
32,510,325100117,0117,18
32,510,325100220,0220,11
32,510,325100221,0221,9
32,510,325100222,0222,20
32,510,325100223,0223,11
32,510,325100224,0224,44
32,510,325100225,0225,49
32,510,325100226,0226,38
32,510,325100227,0227,67
32,510,325100229,0229,19
32,510,325100260,0260,50
32,510,325100330,0330,18
32,510,325100331,0331,4
32,510,325100332,0332,32
32,510,325100333,0333,27
32,510,325100334,0334,83
32,510,325100335,0335,54
32,510,325100336,0336,14
32,510,325100337,0337,15
32,510,325100338,0338,32
32,510,325100339,0339,24
32,510,325100440,0440,74
32,510,325100444,0444,14
32,510,325100445,0445,9
32,510,325100446,0446,46
32,510,325100447,0447,110
32,510,325100448,0448,55
32,510,325100449,0449,44
32,510,325100481,0481,27
32,510,325100482,0482,14
