geoid20,district_id,assign_method
32015000004,02,centroid
32015000006,02,centroid
32015000007,02,centroid
32015000005,02,centroid
32015000008,02,centroid
32015000009,02,centroid
32015000002,02,centroid
32015000003,02,centroid
32015000001,02,centroid
32031009126,02,centroid
32003001386,01,centroid
32003006713,03,centroid
32003004635,04,centroid
32003007528,01,centroid
32003003826,04,centroid
32003007695,01,centroid
32003003727,03,centroid
32003004522,01,centroid
32003002486,04,centroid
32003003733,04,centroid
32003007545,01,centroid
32003006681,03,centroid
32003002726,04,centroid
32003006708,03,centroid
32003002722,04,centroid
32003006732,03,centroid
32003002732,04,centroid
32003002711,04,centroid
32003005564,01,centroid
32003007652,01,centroid
32003002503,04,centroid
32003003702,04,centroid
32003007504,01,centroid
32003007615,01,centroid
32003001712,01,centroid
32003003722,04,centroid
32003006643,03,centroid
32003007502,01,centroid
32003003708,04,centroid
32003007530,01,centroid
32003003765,03,centroid
32003007674,01,centroid
32003002721,04,centroid
32003004616,04,centroid
32003007500,01,centroid
32003003782,04,centroid
32003001612,03,centroid
32003001903,01,centroid
32003006666,03,centroid
32003005578,01,centroid
32003004562,04,centroid
32003006486,03,centroid
32003002907,04,centroid
32003006721,03,centroid
32003002725,04,centroid
32003003852,04,centroid
32003004501,04,centroid
32003005512,01,centroid
32003007594,01,centroid
32003003729,04,centroid
32003002692,04,centroid
32003002724,04,centroid
32003003707,04,centroid
32003004552,01,centroid
32003007507,01,centroid
32003004652,04,centroid
32003006734,03,centroid
32003007625,01,centroid
32003007603,01,centroid
32003007605,01,centroid
32003004500,04,centroid
32003001651,03,centroid
32003002660,04,centroid
32003003755,03,centroid
32003003807,03,centroid
32003001618,03,centroid
32003002729,04,centroid
32003001692,03,centroid
32003003783,04,centroid
32003006685,03,centroid
32003003866,03,centroid
32003003815,04,centroid
32003002737,04,centroid
32003007672,01,centroid
32003002976,04,centroid
32003006751,03,centroid
32003001704,03,centroid
32003002624,04,centroid
32003003749,03,centroid
32003007574,01,centroid
32003002676,04,centroid
32003003906,04,centroid
32003006738,03,centroid
32003007562,01,centroid
32003007724,01,centroid
32003007684,01,centroid
32003001750,03,centroid
32003002605,04,centroid
32003003763,03,centroid
32003006601,03,centroid
32003001711,01,centroid
32003007632,01,centroid
32003003750,04,centroid
32003001613,03,centroid
32003004641,04,centroid
32003001644,03,centroid
32003002654,04,centroid
32003005583,01,centroid
32003006720,03,centroid
32003002978,04,centroid
32003004642,04,centroid
32003003804,04,centroid
32003007703,01,centroid
32003007663,01,centroid
32003004611,01,centroid
32003007732,01,centroid
32003005568,01,centroid
32003006703,03,centroid
32003002606,04,centroid
32003002631,04,centroid
32003002691,04,centroid
32003003823,04,centroid
32003001681,01,centroid
32003002612,04,centroid
32003003902,04,centroid
32003001553,01,centroid
32003006611,03,centroid
32003006649,03,centroid
32003002602,04,centroid
32003002616,04,centroid
32003005575,01,centroid
32003007642,01,centroid
32003002681,04,centroid
32003006614,04,centroid
32003003801,04,centroid
32003005614,01,centroid
32003006671,03,centroid
32003007730,01,centroid
32003007692,01,centroid
32003001722,01,centroid
32003007704,01,centroid
32003003760,04,centroid
32003006664,03,centroid
32003004615,04,centroid
32003003831,04,centroid
32003003775,03,centroid
32003005585,01,centroid
32003003719,03,centroid
32003007503,01,centroid
32003002775,04,centroid
32003006625,03,centroid
32003007623,01,centroid
32003007714,01,centroid
32003005623,01,centroid
32003006711,03,centroid
32003005603,01,centroid
32003001603,03,centroid
32003005531,01,centroid
32003002704,04,centroid
32003003787,03,centroid
32003005524,01,centroid
32003002633,04,centroid
32003007675,01,centroid
32003005598,01,centroid
32003003812,04,centroid
32003004540,01,centroid
32003001614,03,centroid
32003003736,03,centroid
32003003802,04,centroid
32003002662,04,centroid
32003002951,04,centroid
32003005330,01,centroid
32003005521,01,centroid
32003001655,03,centroid
32003001624,03,centroid
32003003751,04,centroid
32003004543,01,centroid
32003002706,04,centroid
32003007720,01,centroid
32003006914,03,centroid
32003003737,04,centroid
32003001929,01,centroid
32003003776,04,centroid
32003003875,04,centroid
32003003777,03,centroid
32003002683,04,centroid
32003006617,04,centroid
32003004606,01,centroid
32003003731,04,centroid
32003002685,04,centroid
32003004572,04,centroid
32003002977,04,centroid
32003003714,04,centroid
32003001912,03,centroid
32003003580,04,centroid
32003003581,04,centroid
32003001543,01,centroid
32003001905,01,centroid
32003002920,04,centroid
32003002969,04,centroid
32003006605,04,centroid
32003004902,01,centroid
32003007920,01,centroid
32003003915,04,centroid
32003005604,01,centroid
32003003990,04,centroid
32003003785,04,centroid
32003005616,01,centroid
32003002600,04,centroid
32003003586,03,centroid
32003005571,01,centroid
32003005536,01,centroid
32003006735,03,centroid
32003006610,03,centroid
32003004637,04,centroid
32003002713,04,centroid
32003007533,01,centroid
32003006653,03,centroid
32003005545,04,centroid
32003003726,03,centroid
32003005654,01,centroid
32003002487,04,centroid
32003007575,01,centroid
32003006728,03,centroid
32003003767,04,centroid
32003004650,04,centroid
32003007552,01,centroid
32003001719,01,centroid
32003001673,01,centroid
32003005650,01,centroid
32003006635,03,centroid
32003005632,01,centroid
32003003769,03,centroid
32003004598,04,centroid
32003005596,01,centroid
32003003752,03,centroid
32003004583,04,centroid
32003002608,04,centroid
32003002643,04,centroid
32003007591,01,centroid
32003007570,01,centroid
32003001616,03,centroid
32003005584,01,centroid
32003004581,04,centroid
32003004604,04,centroid
32003006695,03,centroid
32003005621,01,centroid
32003007733,01,centroid
32003001602,03,centroid
32003003824,04,centroid
32003005653,01,centroid
32003007661,01,centroid
32003004903,04,centroid
32003003766,04,centroid
32003003800,03,centroid
32003007923,01,centroid
32003007912,01,centroid
32003002651,04,centroid
32003005593,01,centroid
32003006642,03,centroid
32003002972,04,centroid
32003002736,04,centroid
32003001619,03,centroid
32003004582,04,centroid
32003005502,01,centroid
32003004566,04,centroid
32003007573,01,centroid
32003006652,03,centroid
32003002684,04,centroid
32003002746,01,centroid
32003007506,01,centroid
32003002738,04,centroid
32003004511,04,centroid
32003007590,01,centroid
32003006633,03,centroid
32003005615,01,centroid
32003002733,01,centroid
32003005533,04,centroid
32003005613,01,centroid
32003005592,01,centroid
32003005612,01,centroid
32003005560,01,centroid
32003004434,04,centroid
32003004523,01,centroid
32003002702,04,centroid
32003003988,04,centroid
32003003725,04,centroid
32003003917,03,centroid
32003001601,03,centroid
32003006656,03,centroid
32003005643,01,centroid
32003001662,03,centroid
32003003734,03,centroid
32003005542,03,centroid
32003007581,01,centroid
32003007529,01,centroid
32003003739,03,centroid
32003001608,01,centroid
32003005591,01,centroid
32003006683,03,centroid
32003001611,03,centroid
32003002934,04,centroid
32003004599,04,centroid
32003007553,01,centroid
32003002634,04,centroid
32003002700,04,centroid
32003007926,01,centroid
32003005617,01,centroid
32003002671,04,centroid
32003001915,01,centroid
32003001604,03,centroid
32003004536,01,centroid
32003003808,03,centroid
32003006608,04,centroid
32003002743,01,centroid
32003006715,03,centroid
32003006604,03,centroid
32003006707,03,centroid
32003007662,01,centroid
32003002682,04,centroid
32003001679,03,centroid
32003004529,04,centroid
32003003790,03,centroid
32003003715,03,centroid
32003002911,04,centroid
32003003741,04,centroid
32003003704,04,centroid
32003007584,01,centroid
32003004508,04,centroid
32003007722,01,centroid
32003001605,03,centroid
32003005553,04,centroid
32003003743,04,centroid
32003002673,04,centroid
32003004645,04,centroid
32003002488,04,centroid
32003001664,03,centroid
32003005501,01,centroid
32003003832,04,centroid
32003006613,03,centroid
32003003612,03,centroid
32003002645,04,centroid
32003007508,01,centroid
32003006631,03,centroid
32003001928,01,centroid
32003006714,03,centroid
32003002693,04,centroid
32003005641,01,centroid
32003003744,04,centroid
32003004527,04,centroid
32003007665,01,centroid
32003006658,03,centroid
32003006655,03,centroid
32003007593,01,centroid
32003004530,01,centroid
32003003905,04,centroid
32003001687,03,centroid
32003005622,01,centroid
32003006651,03,centroid
32003004636,04,centroid
32003005579,01,centroid
32003003788,03,centroid
32003004563,04,centroid
32003003578,04,centroid
32003001615,03,centroid
32003007563,01,centroid
32003003881,04,centroid
32003002709,04,centroid
32003007906,01,centroid
32003003759,04,centroid
32003003854,04,centroid
32003006609,03,centroid
32003005634,01,centroid
32003006691,03,centroid
32003005511,01,centroid
32003006739,03,centroid
32003002914,04,centroid
32003007715,01,centroid
32003006654,03,centroid
32003003803,04,centroid
32003007515,01,centroid
32003006644,03,centroid
32003001643,03,centroid
32003007531,01,centroid
32003004574,04,centroid
32003001694,03,centroid
32003002489,04,centroid
32003003863,03,centroid
32003007707,01,centroid
32003001623,03,centroid
32003003822,04,centroid
32003001924,01,centroid
32003007701,03,centroid
32003005541,03,centroid
32003002696,04,centroid
32003001917,01,centroid
32003005904,01,centroid
32003003583,03,centroid
32003004573,04,centroid
32003002625,04,centroid
32003003747,03,centroid
32003003582,03,centroid
32003002665,04,centroid
32003003712,04,centroid
32003002974,04,centroid
32003003825,04,centroid
32003003910,03,centroid
32003003585,03,centroid
32003005500,01,centroid
32003002919,04,centroid
32003003730,04,centroid
32003006694,03,centroid
32003001067,03,centroid
32003002916,04,centroid
32003001732,03,centroid
32003003609,04,centroid
32003003728,03,centroid
32003003740,03,centroid
32003004592,04,centroid
32003007550,01,centroid
32003007726,01,centroid
32003004634,04,centroid
32003004505,04,centroid
32003003605,04,centroid
32003001653,03,centroid
32003001606,01,centroid
32003002727,04,centroid
32003003964,04,centroid
32003002776,04,centroid
32003001609,03,centroid
32003007551,01,centroid
32003001672,01,centroid
32003001695,03,centroid
32003003795,04,centroid
32003006686,03,centroid
32003002644,04,centroid
32003005649,01,centroid
32003001675,01,centroid
32003001641,03,centroid
32003002445,04,centroid
32003007702,01,centroid
32003002478,04,centroid
32003006632,03,centroid
32003002745,04,centroid
32003004502,04,centroid
32003005565,01,centroid
32003001671,01,centroid
32003001633,03,centroid
32003002653,04,centroid
32003001677,03,centroid
32003006737,03,centroid
32003004554,04,centroid
32003007554,01,centroid
32003006716,03,centroid
32003001670,03,centroid
32003007534,04,centroid
32003005566,01,centroid
32003002720,04,centroid
32003003992,04,centroid
32003005543,03,centroid
32003002609,04,centroid
32003003584,03,centroid
32003007541,01,centroid
32003007622,01,centroid
32003003710,04,centroid
32003003701,04,centroid
32003006700,03,centroid
32003005642,01,centroid
32003003853,04,centroid
32003003843,04,centroid
32003003833,04,centroid
32003005503,01,centroid
32003002930,04,centroid
32003006600,03,centroid
32003003989,04,centroid
32003007713,01,centroid
32003002623,04,centroid
32003003771,03,centroid
32003002675,04,centroid
32003003717,04,centroid
32003006702,03,centroid
32003004568,04,centroid
32003007734,03,centroid
32003005595,01,centroid
32003001684,03,centroid
32003006729,03,centroid
32003003753,03,centroid
32003005554,04,centroid
32003007526,01,centroid
32003002646,04,centroid
32003005644,01,centroid
32003003908,03,centroid
32003003735,04,centroid
32003002946,04,centroid
32003002640,04,centroid
32003002703,04,centroid
32003002694,04,centroid
32003003821,04,centroid
32003002927,04,centroid
32003003796,04,centroid
32003003579,03,centroid
32003003738,03,centroid
32003007523,01,centroid
32003003993,04,centroid
32003006675,03,centroid
32003007671,01,centroid
32003004549,01,centroid
32003001674,01,centroid
32003005525,01,centroid
32003006733,03,centroid
32003002751,04,centroid
32003004638,04,centroid
32003004623,04,centroid
32003006673,03,centroid
32003006468,03,centroid
32003004643,04,centroid
32003003784,04,centroid
32003002742,04,centroid
32003002695,04,centroid
32003007723,03,centroid
32003003606,04,centroid
32003005552,04,centroid
32003004513,01,centroid
32003004569,01,centroid
32003002615,04,centroid
32003004531,01,centroid
32003005532,04,centroid
32003007582,01,centroid
32003001682,03,centroid
32003006753,03,centroid
32003003748,03,centroid
32003002622,04,centroid
32003002666,04,centroid
32003003720,03,centroid
32003002661,04,centroid
32003004597,04,centroid
32003001665,01,centroid
32003004559,04,centroid
32003004547,01,centroid
32003007555,01,centroid
32003002715,04,centroid
32003007571,01,centroid
32003005620,01,centroid
32003005625,01,centroid
32003002917,04,centroid
32003006712,03,centroid
32003005577,01,centroid
32003001925,01,centroid
32003004613,04,centroid
32003003855,04,centroid
32003002710,04,centroid
32003005522,01,centroid
32003003809,03,centroid
32003002674,04,centroid
32003005569,01,centroid
32003003773,03,centroid
32003006727,03,centroid
32003004602,01,centroid
32003003721,04,centroid
32003003814,04,centroid
32003004541,01,centroid
32003001693,03,centroid
32003003758,04,centroid
32003007685,01,centroid
32003007592,01,centroid
32003002975,04,centroid
32003006722,03,centroid
32003004551,01,centroid
32003006710,03,centroid
32003002770,04,centroid
32003001717,01,centroid
32003006606,04,centroid
32003004546,01,centroid
32003002717,04,centroid
32003005567,01,centroid
32003005562,04,centroid
32003002632,04,centroid
32003007536,01,centroid
32003006752,03,centroid
32003004586,04,centroid
32003006667,03,centroid
32003003791,04,centroid
32003006615,04,centroid
32003001922,01,centroid
32003007731,01,centroid
32003007542,01,centroid
32003004565,04,centroid
32003007501,01,centroid
32003004585,04,centroid
32003007602,01,centroid
32003003792,04,centroid
32003006607,04,centroid
32003006718,03,centroid
32003004507,04,centroid
32003004584,04,centroid
32003003841,04,centroid
32003004560,04,centroid
32003007512,01,centroid
32003003700,04,centroid
32003007693,01,centroid
32003007611,01,centroid
32003004548,01,centroid
32003003757,03,centroid
32003004567,04,centroid
32003007705,03,centroid
32003002652,04,centroid
32003002611,04,centroid
32003002501,04,centroid
32003001668,03,centroid
32003005573,01,centroid
32003005903,01,centroid
32003007745,01,centroid
32003002723,04,centroid
32003005537,01,centroid
32003005588,01,centroid
32003003706,04,centroid
32003001634,03,centroid
32003007522,01,centroid
32003004510,04,centroid
32003002971,04,centroid
32003002904,04,centroid
32003005586,01,centroid
32003001685,03,centroid
32003004557,01,centroid
32003001691,03,centroid
32003005635,01,centroid
32003002436,04,centroid
32003007525,01,centroid
32003007509,01,centroid
32003007535,01,centroid
32003003844,04,centroid
32003005581,01,centroid
32003007651,01,centroid
32003003780,03,centroid
32003006692,03,centroid
32003001632,03,centroid
32003001683,03,centroid
32003002604,04,centroid
32003007653,01,centroid
32003007643,01,centroid
32003007595,01,centroid
32003001718,01,centroid
32003003703,04,centroid
32003004514,04,centroid
32003003608,04,centroid
32003006719,03,centroid
32003007645,01,centroid
32003005534,04,centroid
32003005523,01,centroid
32003005652,01,centroid
32003006621,04,centroid
32003006661,03,centroid
32003006693,03,centroid
32003006648,03,centroid
32003004555,04,centroid
32003004621,04,centroid
32003001923,01,centroid
32003006726,03,centroid
32003003705,04,centroid
32003006612,04,centroid
32003002650,04,centroid
32003004577,01,centroid
32003001680,03,centroid
32003005576,01,centroid
32003001940,01,centroid
32003006730,03,centroid
32003001921,01,centroid
32003003545,04,centroid
32003007654,03,centroid
32003005594,01,centroid
32003005636,01,centroid
32003001720,01,centroid
32003006731,03,centroid
32003002399,04,centroid
32003005513,01,centroid
32003004614,04,centroid
32003007743,01,centroid
32003003772,03,centroid
32003005582,01,centroid
32003002672,04,centroid
32003003723,03,centroid
32003006704,03,centroid
32003004651,04,centroid
32003002664,04,centroid
32003003732,03,centroid
32003004594,04,centroid
32003007524,01,centroid
32003004603,01,centroid
32003002635,04,centroid
32003007585,01,centroid
32003003724,04,centroid
32003007691,01,centroid
32003004528,04,centroid
32003003834,04,centroid
32003001669,03,centroid
32003003770,03,centroid
32003004590,04,centroid
32003004535,01,centroid
32003006709,03,centroid
32003002740,04,centroid
32003003756,03,centroid
32003002621,04,centroid
32003005624,01,centroid
32003007564,01,centroid
32003003813,04,centroid
32003002714,04,centroid
32003006549,03,centroid
32003007683,01,centroid
32003007569,01,centroid
32003002735,01,centroid
32003005587,01,centroid
32003007612,01,centroid
32003007561,01,centroid
32003007513,01,centroid
32003003761,03,centroid
32003003607,04,centroid
32003001631,03,centroid
32003006724,03,centroid
32003003742,04,centroid
32003003912,04,centroid
32003001751,03,centroid
32003007681,01,centroid
32003005906,01,centroid
32003007682,01,centroid
32003007641,01,centroid
32003004596,04,centroid
32003003806,03,centroid
32003005633,01,centroid
32003001676,03,centroid
32003002716,04,centroid
32003005631,01,centroid
32003001645,03,centroid
32003004561,04,centroid
32003007644,01,centroid
32003003789,03,centroid
32003006657,03,centroid
32003003745,04,centroid
32003007572,01,centroid
32003003774,03,centroid
32003002906,04,centroid
32003003716,04,centroid
32003001678,03,centroid
32003004309,04,centroid
32003005555,04,centroid
32003005601,01,centroid
32003001686,03,centroid
32003001727,01,centroid
32003001688,03,centroid
32003003762,03,centroid
32003001621,03,centroid
32003006622,04,centroid
32003006706,03,centroid
32003001642,03,centroid
32003002613,04,centroid
32003007604,01,centroid
32003002603,04,centroid
32003005412,01,centroid
32003001661,03,centroid
32003003786,03,centroid
32003001713,01,centroid
32003001753,03,centroid
32003004593,04,centroid
32003005515,01,centroid
32003001652,03,centroid
32003004633,04,centroid
32003007601,01,centroid
32003004526,04,centroid
32003007706,03,centroid
32003007634,01,centroid
32003006705,03,centroid
32003004525,01,centroid
32003003754,03,centroid
32003003851,04,centroid
32003004550,04,centroid
32003002614,04,centroid
32003004504,04,centroid
32003004532,01,centroid
32003005651,01,centroid
32003003711,04,centroid
32003007505,01,centroid
32003002641,04,centroid
32003003907,03,centroid
32003003845,04,centroid
32003007624,01,centroid
32003007521,01,centroid
32003002601,04,centroid
32003003805,04,centroid
32003006663,03,centroid
32003003713,04,centroid
32003006674,03,centroid
32003001309,01,centroid
32003005505,01,centroid
32003004605,01,centroid
32003003709,04,centroid
32003001702,03,centroid
32003007635,01,centroid
32003007633,01,centroid
32003002730,04,centroid
32003002642,04,centroid
32003006684,03,centroid
32003001689,03,centroid
32003007694,01,centroid
32003004612,04,centroid
32003002701,04,centroid
32003005580,01,centroid
32003004553,04,centroid
32003007664,01,centroid
32003004512,04,centroid
32003002734,01,centroid
32003005572,01,centroid
32003002663,04,centroid
32003006725,03,centroid
32003005570,01,centroid
32003007613,01,centroid
32003003794,04,centroid
32003002973,04,centroid
32003005589,01,centroid
32003003613,04,centroid
32003003864,03,centroid
32003007532,01,centroid
32003005597,01,centroid
32003007631,01,centroid
32003002752,04,centroid
32003002705,04,centroid
32003003764,03,centroid
32003002731,04,centroid
32003007614,01,centroid
32003004506,04,centroid
32003005504,01,centroid
32003006665,03,centroid
32003001715,01,centroid
32003001721,01,centroid
32003002655,04,centroid
32003001617,03,centroid
32003001625,03,centroid
32003006634,03,centroid
32003002607,04,centroid
32003003610,04,centroid
32003005544,03,centroid
32003003746,03,centroid
32003004556,04,centroid
32003002617,04,centroid
32003001635,03,centroid
32003001926,01,centroid
32003005574,01,centroid
32003004601,01,centroid
32003007583,01,centroid
32003001703,03,centroid
32003006645,03,centroid
32003006662,03,centroid
32003003768,04,centroid
32003006672,03,centroid
32003006723,03,centroid
32003004591,04,centroid
32003001607,03,centroid
32003006736,03,centroid
32003003718,03,centroid
32003007511,01,centroid
32003003811,04,centroid
32003002353,04,centroid
32003007543,01,centroid
32003007712,01,centroid
32003006602,03,centroid
32003003842,04,centroid
32003004571,04,centroid
32003003991,04,centroid
32003005535,04,centroid
32003006701,03,centroid
32003007527,01,centroid
32003004564,04,centroid
32003007514,01,centroid
32003005506,01,centroid
32017000236,04,centroid
32017000233,04,centroid
32031008292,02,centroid
32031007584,02,centroid
32031007315,02,centroid
32031006527,02,centroid
32031005066,02,centroid
32031007318,02,centroid
32031006218,02,centroid
32031009249,02,centroid
32031006318,02,centroid
32031009123,02,centroid
32031009129,02,centroid
32031006522,02,centroid
32031009547,02,centroid
32031002074,02,centroid
32031003039,02,centroid
32031009550,02,centroid
32031006217,02,centroid
32031002078,02,centroid
32031009131,02,centroid
32031001059,02,centroid
32031009549,02,centroid
32031002073,02,centroid
32031006525,02,centroid
32031007579,02,centroid
32031003008,02,centroid
32031007581,02,centroid
32031007312,02,centroid
32031009125,02,centroid
32031009560,02,centroid
32031007573,02,centroid
32031003040,02,centroid
32031005005,02,centroid
32031001008,02,centroid
32031008297,02,centroid
32031007582,02,centroid
32031007576,02,centroid
32031007313,02,centroid
32031002062,02,centroid
32031004053,02,centroid
32031009128,02,centroid
32031009541,02,centroid
32031004040,02,centroid
32031009548,02,centroid
32031009130,02,centroid
32031009308,02,centroid
32031007583,02,centroid
32031007317,02,centroid
32031007574,02,centroid
32031004052,02,centroid
32031009540,02,centroid
32031006414,02,centroid
32031008290,02,centroid
32031003025,02,centroid
32031002070,02,centroid
32031008400,02,centroid
32031001058,02,centroid
32031006427,02,centroid
32031007572,02,centroid
32031007585,02,centroid
32031009558,02,centroid
32031009562,02,centroid
32031007591,02,centroid
32031004055,02,centroid
32031007571,02,centroid
32031009559,02,centroid
32031002064,02,centroid
32031007319,02,centroid
32031002081,02,centroid
32031007589,02,centroid
32031007587,02,centroid
32031007316,02,centroid
32031004054,02,centroid
32031009254,02,centroid
32031002019,02,centroid
32031007431,02,centroid
32031007578,02,centroid
32031009311,02,centroid
32031009553,02,centroid
32031009551,02,centroid
32031006524,02,centroid
32031005064,02,centroid
32031001011,02,centroid
32031006214,02,centroid
32031005063,02,centroid
32031007588,02,centroid
32031007321,02,centroid
32031007586,02,centroid
32031006521,02,centroid
32031008294,02,centroid
32031003023,02,centroid
32031004051,02,centroid
32031006528,02,centroid
32031006216,02,centroid
32031008291,02,centroid
32031009561,02,centroid
32031006115,02,centroid
32031009542,02,centroid
32031009427,02,centroid
32031009554,02,centroid
32031009557,02,centroid
32031009124,02,centroid
32031005065,02,centroid
32031009428,02,centroid
32031009546,02,centroid
32031006530,02,centroid
32031006320,02,centroid
32031009555,02,centroid
32031009309,02,centroid
32031006319,02,centroid
32031007577,02,centroid
32031009543,02,centroid
32031001061,02,centroid
32031006529,02,centroid
32031004056,02,centroid
32031007570,02,centroid
32031007569,02,centroid
32031009248,02,centroid
32031006526,02,centroid
32031006531,02,centroid
32031002065,02,centroid
32031003030,02,centroid
32031008505,02,centroid
32031005003,02,centroid
32031007314,02,centroid
32031006523,02,centroid
32031003027,02,centroid
32031006114,02,centroid
32031006213,02,centroid
32031009310,02,centroid
32031009251,02,centroid
32031002068,02,centroid
32031002080,02,centroid
32031009127,02,centroid
32031009253,02,centroid
32031009552,02,centroid
32031001015,02,centroid
32003003611,03,centroid
32003003994,04,centroid
32003003995,04,centroid
32011000003,02,centroid
32011000002,02,centroid
32011000004,02,centroid
32011000001,02,centroid
32510000113,02,centroid
32510000107,02,centroid
32510000111,02,centroid
32510000105,02,centroid
32510000101,02,centroid
32510000109,02,centroid
32510000103,02,centroid
32510000303,02,centroid
32510000405,02,centroid
32510000409,02,centroid
32510000307,02,centroid
32510000407,02,centroid
32510000211,02,centroid
32510000209,02,centroid
32510000411,02,centroid
32510000203,02,centroid
32510000207,02,centroid
32510000403,02,centroid
32510000201,02,centroid
32510000205,02,centroid
32510000301,02,centroid
32510000305,02,centroid
32510000401,02,centroid
32510000309,02,centroid
32027000001,02,centroid
32027000007,02,centroid
32027000005,02,centroid
32027000006,02,centroid
32027000004,02,centroid
32027000003,02,centroid
32007000009,02,centroid
32007000022,02,centroid
32007000004,02,centroid
32007000003,02,centroid
32007000011,02,centroid
32007000014,02,centroid
32007000025,02,centroid
32007000023,02,centroid
32007000020,02,centroid
32007000039,02,centroid
32007000029,02,centroid
32007000017,02,centroid
32007000028,02,centroid
32007000016,02,centroid
32007000015,02,centroid
32007000027,02,centroid
32007000013,02,centroid
32007000005,02,centroid
32007000008,02,centroid
32007000026,02,centroid
32007000033,02,centroid
32007000032,02,centroid
32007000034,02,centroid
32007000010,02,centroid
32007000007,02,centroid
32007000012,02,centroid
32007000002,02,centroid
32007000001,02,centroid
32007000031,02,centroid
32007000040,02,centroid
32007000041,02,centroid
32007000024,02,centroid
32007000006,02,centroid
32007000037,02,centroid
32007000035,02,centroid
32007000019,02,centroid
32007000038,02,centroid
32007000036,02,centroid
32007000030,02,centroid
32007000018,02,centroid
32007000021,02,centroid
32001000016,02,centroid
32001000012,02,centroid
32001000011,02,centroid
32001000006,02,centroid
32001000017,02,centroid
32001000009,02,centroid
32001000008,02,centroid
32001000019,02,centroid
32001000015,02,centroid
32001000007,02,centroid
32001000018,02,centroid
32001000014,02,centroid
32001000005,02,centroid
32001000004,02,centroid
32001000013,02,centroid
32001000002,02,centroid
32001000001,02,centroid
32001000003,02,centroid
32001000010,02,centroid
32001008-01,02,centroid
32001007-01,02,centroid
32001015-07,02,centroid
32001015-06,02,centroid
32001015-03,02,centroid
32001015-10,02,centroid
32001008-02,02,centroid
32001015-08,02,centroid
32001015-04,02,centroid
32001015-01,02,centroid
32001015-02,02,centroid
32001012-01,02,centroid
32001012-03,02,centroid
32001012-02,02,centroid
32001015-05,02,centroid
32001008-03,02,centroid
32001015-09,02,centroid
32009000002,04,centroid
32009000001,04,centroid
32009000004,04,centroid
32009000005,04,centroid
32009000003,04,centroid
32013000013,02,centroid
32013000009,02,centroid
32013000012,02,centroid
32013000015,02,centroid
320130007-2,02,centroid
32013000014,02,centroid
32013000011,02,centroid
32013000010,02,centroid
32013000008,02,centroid
32013000006,02,centroid
32013000001,02,centroid
32013000004,02,centroid
32013000005,02,centroid
32013000002,02,centroid
32013000003,02,centroid
32005000019,02,centroid
32005000002,02,centroid
32005000012,02,centroid
32005000022,02,centroid
32005000031,02,centroid
32005000021,02,centroid
32005000015,02,centroid
32005000014,02,centroid
32005000017,02,centroid
32005000032,02,centroid
32005000027,02,centroid
32005000003,02,centroid
32005000028,02,centroid
32005000026,02,centroid
32005000007,02,centroid
32005000001,02,centroid
32005000004,02,centroid
32005000018,02,centroid
32005000025,02,centroid
32005000008,02,centroid
32005000009,02,centroid
32005000030,02,centroid
32005000033,02,centroid
32005000011,02,centroid
32005000013,02,centroid
32005000034,02,centroid
32005000023,02,centroid
32005000006,02,centroid
32005000005,02,centroid
32005000016,02,centroid
32005000029,02,centroid
32005000037,02,centroid
32005000038,02,centroid
32005000036,02,centroid
32005000035,02,centroid
32005000041,02,centroid
32005000039,02,centroid
32005000040,02,centroid
32005000024,02,centroid
32005000010,02,centroid
32005ZZZZZZ,02,centroid
32005000020,02,centroid
32033000030,02,centroid
32033000050,02,centroid
32033000035,02,centroid
32033000010,02,centroid
32033000020,02,centroid
32033000005,02,centroid
32033000040,02,centroid
32033000015,02,centroid
32033000045,02,centroid
32033000025,02,centroid
32019000014,02,centroid
32019000021,02,centroid
32019000017,02,centroid
32019000018,02,centroid
32019000020,02,centroid
32019000012,02,centroid
32019000010,02,centroid
32019000009,02,centroid
32019000016,02,centroid
32019000022,02,centroid
32019000019,02,centroid
32019000013,02,centroid
32019000011,02,centroid
32019000034,02,centroid
32019000040,02,centroid
32019000039,02,centroid
32019000033,02,centroid
32019000028,02,centroid
32019000027,02,centroid
32019000032,02,centroid
32019000037,02,centroid
32019000035,02,centroid
32019000029,02,centroid
32019000015,02,centroid
32019000036,02,centroid
32019000038,02,centroid
32019000023,02,centroid
32019000031,02,centroid
32019000030,02,centroid
32019000026,02,centroid
32019000024,02,centroid
32019000002,02,centroid
32019000025,02,centroid
32019000004,02,centroid
32019000001,02,centroid
32019000005,02,centroid
32019000003,02,centroid
32019000008,04,centroid
32019000006,04,centroid
32019000007,02,centroid
32003005430,01,centroid
32003007395,01,centroid
32003007332,01,centroid
32003007405,01,centroid
32003002044,04,centroid
32003002008,04,centroid
32003002366,04,centroid
32003004306,04,centroid
32003006057,03,centroid
32003007430,01,centroid
32003002037,04,centroid
32003007416,01,centroid
32003001396,01,centroid
32003005003,01,centroid
32003004310,04,centroid
32003005014,01,centroid
32003005403,01,centroid
32003007910,01,centroid
32003005390,01,centroid
32003006520,03,centroid
32003001330,03,centroid
32003001063,03,centroid
32003005394,01,centroid
32003004467,04,centroid
32003001327,03,centroid
32003002446,04,centroid
32003001356,03,centroid
32003003414,03,centroid
32003001918,01,centroid
32003002949,04,centroid
32003001909,01,centroid
32003007334,01,centroid
32003003981,04,centroid
32003003938,04,centroid
32003004454,04,centroid
32003003909,03,centroid
32003001374,01,centroid
32003001379,01,centroid
32003005372,01,centroid
32003004075,04,centroid
32003002356,04,centroid
32003007048,01,centroid
32003007358,01,centroid
32003004415,04,centroid
32003001382,01,centroid
32003003574,04,centroid
32003001920,01,centroid
32003001908,01,centroid
32003001907,01,centroid
32003002407,04,centroid
32003002405,04,centroid
32003006109,03,centroid
32003006440,03,centroid
32003007054,01,centroid
32003003393,03,centroid
32003003395,03,centroid
32003001337,03,centroid
32003005356,01,centroid
32003007359,01,centroid
32003007351,01,centroid
32003007357,01,centroid
32003005333,01,centroid
32003001352,03,centroid
32003003391,03,centroid
32003003553,04,centroid
32003001346,03,centroid
32003005326,01,centroid
32003005397,01,centroid
32003003564,04,centroid
32003006515,03,centroid
32003004305,04,centroid
32003003375,03,centroid
32003003416,03,centroid
32003001307,03,centroid
32003001514,01,centroid
32003006521,03,centroid
32003001351,03,centroid
32003002391,04,centroid
32003001303,03,centroid
32003001513,01,centroid
32003003552,04,centroid
32003003365,03,centroid
32003001354,03,centroid
32003003364,03,centroid
32003006475,03,centroid
32003003037,03,centroid
32003001517,01,centroid
32003006477,03,centroid
32003001340,03,centroid
32003003217,03,centroid
32003003383,03,centroid
32003003374,03,centroid
32003007414,01,centroid
32003003435,04,centroid
32003003532,04,centroid
32003005350,01,centroid
32003002430,01,centroid
32003007356,01,centroid
32003001038,03,centroid
32003001039,03,centroid
32003001137,03,centroid
32003001302,03,centroid
32003006522,03,centroid
32003003464,04,centroid
32003003382,03,centroid
32003002352,04,centroid
32003002371,04,centroid
32003002463,04,centroid
32003001367,03,centroid
32003007341,01,centroid
32003002500,04,centroid
32003002483,04,centroid
32003002387,04,centroid
32003002464,04,centroid
32003003904,03,centroid
32003003366,03,centroid
32003003982,03,centroid
32003001349,03,centroid
32003003984,04,centroid
32003002484,04,centroid
32003003566,03,centroid
32003005047,01,centroid
32003001345,03,centroid
32003007366,01,centroid
32003005332,01,centroid
32003005323,01,centroid
32003005413,01,centroid
32003003040,03,centroid
32003003385,03,centroid
32003001343,03,centroid
32003006434,03,centroid
32003001334,03,centroid
32003002372,04,centroid
32003002354,04,centroid
32003003371,03,centroid
32003002381,04,centroid
32003002390,04,centroid
32003004381,01,centroid
32003005410,01,centroid
32003007311,01,centroid
32003001390,01,centroid
32003003036,03,centroid
32003002392,04,centroid
32003001341,03,centroid
32003003373,03,centroid
32003003465,04,centroid
32003007410,01,centroid
32003003431,03,centroid
32003003372,03,centroid
32003003370,03,centroid
32003001336,03,centroid
32003002400,04,centroid
32003002373,04,centroid
32003002382,04,centroid
32003002380,04,centroid
32003001395,01,centroid
32003007403,01,centroid
32003001342,03,centroid
32003004073,04,centroid
32003001959,01,centroid
32003001906,01,centroid
32003001380,01,centroid
32003001964,01,centroid
32003001946,01,centroid
32003001919,01,centroid
32003002948,04,centroid
32003006040,03,centroid
32003002444,01,centroid
32003006498,03,centroid
32003003540,04,centroid
32003002078,04,centroid
32003006487,03,centroid
32003001072,03,centroid
32003002465,04,centroid
32003006490,03,centroid
32003006488,03,centroid
32003001533,01,centroid
32003002938,04,centroid
32003001074,03,centroid
32003006531,03,centroid
32003002417,04,centroid
32003002473,04,centroid
32003001550,01,centroid
32003001943,01,centroid
32003003535,04,centroid
32003002468,04,centroid
32003003381,03,centroid
32003003433,03,centroid
32003003361,03,centroid
32003007411,01,centroid
32003001381,01,centroid
32003001511,01,centroid
32003001525,01,centroid
32003006494,03,centroid
32003006544,03,centroid
32003001411,01,centroid
32003001521,01,centroid
32003002477,04,centroid
32003001520,01,centroid
32003001509,01,centroid
32003003544,03,centroid
32003003557,03,centroid
32003001552,01,centroid
32003006547,03,centroid
32003001519,01,centroid
32003001378,01,centroid
32003001528,01,centroid
32003006527,03,centroid
32003002961,04,centroid
32003001935,01,centroid
32003006548,03,centroid
32003001377,01,centroid
32003001410,01,centroid
32003002360,04,centroid
32003007422,01,centroid
32003002401,04,centroid
32003006471,03,centroid
32003007387,01,centroid
32003001348,03,centroid
32003005417,01,centroid
32003001353,03,centroid
32003003392,03,centroid
32003003413,03,centroid
32003003518,04,centroid
32003003152,04,centroid
32003001363,01,centroid
32003004069,01,centroid
32003001332,03,centroid
32003003363,03,centroid
32003006463,03,centroid
32003004076,04,centroid
32003003985,04,centroid
32003003537,04,centroid
32003001361,01,centroid
32003001385,01,centroid
32003003191,04,centroid
32003007097,01,centroid
32003002456,04,centroid
32003007354,01,centroid
32003007361,01,centroid
32003007355,01,centroid
32003006431,03,centroid
32003006062,03,centroid
32003006066,03,centroid
32003004387,01,centroid
32003004384,01,centroid
32003006424,03,centroid
32003004304,04,centroid
32003005405,01,centroid
32003003430,03,centroid
32003007415,01,centroid
32003002385,04,centroid
32003001333,03,centroid
32003006470,03,centroid
32003002383,04,centroid
32003002384,04,centroid
32003006514,03,centroid
32003001318,03,centroid
32003006545,03,centroid
32003006533,03,centroid
32003003418,03,centroid
32003001304,03,centroid
32003007417,01,centroid
32003004461,04,centroid
32003002393,04,centroid
32003004017,04,centroid
32003003546,04,centroid
32003001391,01,centroid
32003003380,03,centroid
32003002481,04,centroid
32003002440,04,centroid
32003002480,04,centroid
32003002479,04,centroid
32003005034,01,centroid
32003001328,03,centroid
32003002449,04,centroid
32003003417,03,centroid
32003002409,04,centroid
32003003547,04,centroid
32003001368,03,centroid
32003003979,03,centroid
32003001389,01,centroid
32003002447,04,centroid
32003007413,01,centroid
32003007908,01,centroid
32003001331,03,centroid
32003003457,04,centroid
32003003439,04,centroid
32003002458,04,centroid
32003002406,04,centroid
32003001375,01,centroid
32003001387,01,centroid
32003003562,04,centroid
32003002408,04,centroid
32003002469,04,centroid
32003002931,04,centroid
32003002476,04,centroid
32003001930,01,centroid
32003005396,01,centroid
32003001344,03,centroid
32003003914,03,centroid
32003003604,04,centroid
32003003602,04,centroid
32003003559,04,centroid
32003003386,03,centroid
32003005029,01,centroid
32003005056,01,centroid
32003006469,03,centroid
32003007012,01,centroid
32003004066,04,centroid
32003002466,04,centroid
32003001384,01,centroid
32003001510,01,centroid
32003006493,03,centroid
32003006497,03,centroid
32003001365,01,centroid
32003001518,01,centroid
32003006513,03,centroid
32003002970,04,centroid
32003006484,03,centroid
32003003565,03,centroid
32003006539,03,centroid
32003006530,03,centroid
32003003576,03,centroid
32003006526,03,centroid
32003006517,03,centroid
32003003571,04,centroid
32003001371,01,centroid
32003005400,01,centroid
32003005036,01,centroid
32003002394,04,centroid
32003001960,01,centroid
32003002959,04,centroid
32003002962,04,centroid
32003007312,01,centroid
32003004463,01,centroid
32003003151,04,centroid
32003005393,01,centroid
32003001394,01,centroid
32003001335,03,centroid
32003002957,04,centroid
32003006492,03,centroid
32003006499,03,centroid
32003006540,03,centroid
32003006538,03,centroid
32003002457,04,centroid
32003006512,03,centroid
32003006496,03,centroid
32003001376,01,centroid
32003006500,03,centroid
32003007352,01,centroid
32003005404,01,centroid
32003005384,01,centroid
32003002126,01,centroid
32003005324,01,centroid
32003006362,04,centroid
32003005425,01,centroid
32003007079,01,centroid
32003007049,01,centroid
32003007047,01,centroid
32003007360,01,centroid
32003005395,01,centroid
32003002386,04,centroid
32003004307,04,centroid
32003004028,04,centroid
32003007050,01,centroid
32003007402,01,centroid
32003005599,01,centroid
32003006717,03,centroid
32003005563,01,centroid
32003006467,03,centroid
32003006750,03,centroid
32003005905,01,centroid
32003002979,04,centroid
32003005561,01,centroid
32003003778,03,centroid
32003003779,03,centroid
32029000003,02,centroid
32029000008,02,centroid
32029000007,02,centroid
32029000013,02,centroid
32029000015,02,centroid
32029000004,02,centroid
32029000005,02,centroid
32029000012,02,centroid
32029000009,02,centroid
32029000010,02,centroid
32029000006,02,centroid
32029000002,02,centroid
32029000001,02,centroid
32029000014,02,centroid
32029000011,02,centroid
32003005590,01,centroid
32003003588,04,centroid
32003005655,01,centroid
32003007596,01,centroid
32003006740,03,centroid
32003003587,04,centroid
32023000006,04,centroid
32023000001,04,centroid
32023000008,04,centroid
32023000003,04,centroid
32023000013,04,centroid
32023000002,04,centroid
32023000005,04,centroid
32023000004,04,centroid
32023000025,04,centroid
32023000030,04,centroid
32023000021,04,centroid
32023000031,04,centroid
32023000018,04,centroid
32023000024,04,centroid
32023000010,04,centroid
32023000029,04,centroid
32023000016,04,centroid
32023000009,04,centroid
32023000028,04,centroid
32023000023,04,centroid
32023000019,04,centroid
32023000032,04,centroid
32023000017,04,centroid
32023000020,04,centroid
32023000035,04,centroid
32023000015,04,centroid
32023000012,04,centroid
32023000007,04,centroid
32023000026,04,centroid
32023000011,04,centroid
32023000022,04,centroid
32023000027,04,centroid
32023000014,04,centroid
32021000007,04,centroid
32021000001,04,centroid
32021000004,04,centroid
32021000003,04,centroid
32021000002,04,centroid
32021000012,04,centroid
32021000006,04,centroid
32021000005,04,centroid
32021000010,04,centroid
32021000008,04,centroid
32021000009,04,centroid
32021000011,04,centroid
32031008103,02,centroid
32031008205,02,centroid
32031002025,02,centroid
32031001024,02,centroid
32031002028,02,centroid
32031002050,02,centroid
32031002029,02,centroid
32031002013,02,centroid
32031008261,02,centroid
32031002026,02,centroid
32031008207,02,centroid
32031001031,02,centroid
32031001032,02,centroid
32031008253,02,centroid
32031002051,02,centroid
32031002004,02,centroid
32031004009,02,centroid
32031007558,02,centroid
32031002040,02,centroid
32031001006,02,centroid
32031001003,02,centroid
32031002017,02,centroid
32031004021,02,centroid
32031007526,02,centroid
32031001029,02,centroid
32031007412,02,centroid
32031007307,02,centroid
32031009243,02,centroid
32031006212,02,centroid
32031005061,02,centroid
32031009513,02,centroid
32031007518,02,centroid
32031008118,02,centroid
32031009408,02,centroid
32031005023,02,centroid
32031007552,02,centroid
32031004035,02,centroid
32031004041,02,centroid
32031004016,02,centroid
32031004025,02,centroid
32031007537,02,centroid
32031004032,02,centroid
32031007519,02,centroid
32031007539,02,centroid
32031007523,02,centroid
32031004037,02,centroid
32031007541,02,centroid
32031007543,02,centroid
32031007524,02,centroid
32031008245,02,centroid
32031007536,02,centroid
32031004045,02,centroid
32031008201,02,centroid
32031009520,02,centroid
32031002048,02,centroid
32031009202,02,centroid
32031004018,02,centroid
32031007508,02,centroid
32031009533,02,centroid
32031002037,02,centroid
32031001038,02,centroid
32031009103,02,centroid
32031001047,02,centroid
32031008206,02,centroid
32031008235,02,centroid
32031001012,02,centroid
32031003013,02,centroid
32031003020,02,centroid
32031003001,02,centroid
32031008127,02,centroid
32031003009,02,centroid
32031001045,02,centroid
32031003018,02,centroid
32031005062,02,centroid
32031005040,02,centroid
32031005022,02,centroid
32031005024,02,centroid
32031006101,02,centroid
32031004033,02,centroid
32031002018,02,centroid
32031005018,02,centroid
32031004020,02,centroid
32031004038,02,centroid
32031003038,02,centroid
32031003032,02,centroid
32031008260,02,centroid
32031008211,02,centroid
32031003036,02,centroid
32031001056,02,centroid
32031008202,02,centroid
32031005026,02,centroid
32031006211,02,centroid
32031006208,02,centroid
32031002032,02,centroid
32031002023,02,centroid
32031002047,02,centroid
32031003002,02,centroid
32031005009,02,centroid
32031005056,02,centroid
32031008256,02,centroid
32031008219,02,centroid
32031008220,02,centroid
32031007527,02,centroid
32031007520,02,centroid
32031009106,02,centroid
32031007546,02,centroid
32031008271,02,centroid
32031004043,02,centroid
32031ZZZZZZ,02,centroid
32031008112,02,centroid
32031008209,02,centroid
32031008204,02,centroid
32031004036,02,centroid
32031002021,02,centroid
32031001005,02,centroid
32031008216,02,centroid
32031008218,02,centroid
32031001007,02,centroid
32031002022,02,centroid
32031001023,02,centroid
32031002027,02,centroid
32031001027,02,centroid
32031008250,02,centroid
32031001014,02,centroid
32031002016,02,centroid
32031008208,02,centroid
32031008213,02,centroid
32031001018,02,centroid
32031001033,02,centroid
32031001010,02,centroid
32031002034,02,centroid
32031002002,02,centroid
32031009303,02,centroid
32031007549,02,centroid
32031004029,02,centroid
32031001036,02,centroid
32031001020,02,centroid
32031001000,02,centroid
32031001035,02,centroid
32031002030,02,centroid
32031004023,02,centroid
32031009523,02,centroid
32031001026,02,centroid
32031002006,02,centroid
32031004019,02,centroid
32031004024,02,centroid
32031009122,02,centroid
32031008128,02,centroid
32031008263,02,centroid
32031003005,02,centroid
32031003014,02,centroid
32031003024,02,centroid
32031008115,02,centroid
32031004000,02,centroid
32031008101,02,centroid
32031008214,02,centroid
32031001022,02,centroid
32031005030,02,centroid
32031005036,02,centroid
32031005020,02,centroid
32031001057,02,centroid
32031005041,02,centroid
32031005010,02,centroid
32031007501,02,centroid
32031002042,02,centroid
32031003011,02,centroid
32031007505,02,centroid
32031007533,02,centroid
32031007563,02,centroid
32031004005,02,centroid
32031007502,02,centroid
32031007565,02,centroid
32031006110,02,centroid
32031006108,02,centroid
32031006303,02,centroid
32031006311,02,centroid
32031006314,02,centroid
32031006520,02,centroid
32031003010,02,centroid
32031007517,02,centroid
32031003012,02,centroid
32031002033,02,centroid
32031003004,02,centroid
32031007513,02,centroid
32031007534,02,centroid
32031004007,02,centroid
32031006308,02,centroid
32031002035,02,centroid
32031006513,02,centroid
32031006302,02,centroid
32031007300,02,centroid
32031007404,02,centroid
32031006111,02,centroid
32031006205,02,centroid
32031003015,02,centroid
32031003017,02,centroid
32031005035,02,centroid
32031005033,02,centroid
32031006104,02,centroid
32031004022,02,centroid
32031003019,02,centroid
32031005027,02,centroid
32031008212,02,centroid
32031003029,02,centroid
32031002041,02,centroid
32031008254,02,centroid
32031003022,02,centroid
32031001044,02,centroid
32031001055,02,centroid
32031003026,02,centroid
32031005006,02,centroid
32031002020,02,centroid
32031008259,02,centroid
32031002009,02,centroid
32031003007,02,centroid
32031002031,02,centroid
32031005016,02,centroid
32031005008,02,centroid
32031001039,02,centroid
32031002007,02,centroid
32031007304,02,centroid
32031007514,02,centroid
32031003016,02,centroid
32031007424,02,centroid
32031002058,02,centroid
32031006100,02,centroid
32031006107,02,centroid
32031006306,02,centroid
32031006307,02,centroid
32031006500,02,centroid
32031006310,02,centroid
32031006106,02,centroid
32031006210,02,centroid
32031006202,02,centroid
32031003028,02,centroid
32031007512,02,centroid
32031006109,02,centroid
32031006511,02,centroid
32031002036,02,centroid
32031009210,02,centroid
32031006519,02,centroid
32031005014,02,centroid
32031005045,02,centroid
32031008500,02,centroid
32031007400,02,centroid
32031007417,02,centroid
32031006413,02,centroid
32031006301,02,centroid
32031007550,02,centroid
32031006508,02,centroid
32031007410,02,centroid
32031007408,02,centroid
32031006423,02,centroid
32031005032,02,centroid
32031006501,02,centroid
32031006313,02,centroid
32031007414,02,centroid
32031005048,02,centroid
32031001053,02,centroid
32031007425,02,centroid
32031007402,02,centroid
32031003031,02,centroid
32031009244,02,centroid
32031006514,02,centroid
32031006300,02,centroid
32031001002,02,centroid
32031007532,02,centroid
32031008502,02,centroid
32031007416,02,centroid
32031006418,02,centroid
32031009115,02,centroid
32031007415,02,centroid
32031007500,02,centroid
32031006403,02,centroid
32031006416,02,centroid
32031005000,02,centroid
32031008102,02,centroid
32031006503,02,centroid
32031003021,02,centroid
32031005039,02,centroid
32031001046,02,centroid
32031009120,02,centroid
32031005031,02,centroid
32031005034,02,centroid
32031005046,02,centroid
32031006207,02,centroid
32031005011,02,centroid
32031005054,02,centroid
32031009109,02,centroid
32031007418,02,centroid
32031005047,02,centroid
32031006411,02,centroid
32031007407,02,centroid
32031006425,02,centroid
32031008276,02,centroid
32031008277,02,centroid
32031008100,02,centroid
32031007506,02,centroid
32031002039,02,centroid
32031002049,02,centroid
32031009211,02,centroid
32031008203,02,centroid
32031005007,02,centroid
32031001043,02,centroid
32031006209,02,centroid
32031008226,02,centroid
32031004042,02,centroid
32031007521,02,centroid
32031007547,02,centroid
32031007531,02,centroid
32031007522,02,centroid
32031007509,02,centroid
32031009107,02,centroid
32031007309,02,centroid
32031006317,02,centroid
32031007566,02,centroid
32031003003,02,centroid
32031001050,02,centroid
32031006405,02,centroid
32031006400,02,centroid
32031008129,02,centroid
32031005012,02,centroid
32031007413,02,centroid
32031005053,02,centroid
32031009516,02,centroid
32031005051,02,centroid
32031006415,02,centroid
32031006516,02,centroid
32031007503,02,centroid
32031007430,02,centroid
32031009102,02,centroid
32031008221,02,centroid
32031008247,02,centroid
32031007556,02,centroid
32031003035,02,centroid
32031006206,02,centroid
32031007562,02,centroid
32031008265,02,centroid
32031008227,02,centroid
32031004015,02,centroid
32031009121,02,centroid
32031002000,02,centroid
32031007308,02,centroid
32031007302,02,centroid
32031008116,02,centroid
32031008107,02,centroid
32031008108,02,centroid
32031008104,02,centroid
32031008106,02,centroid
32031008105,02,centroid
32031008109,02,centroid
32031008117,02,centroid
32031008111,02,centroid
32031009116,02,centroid
32031008126,02,centroid
32031008110,02,centroid
32031008273,02,centroid
32031007507,02,centroid
32031004014,02,centroid
32031004012,02,centroid
32031004039,02,centroid
32031007525,02,centroid
32031004046,02,centroid
32031008125,02,centroid
32031007529,02,centroid
32031008200,02,centroid
32031008264,02,centroid
32031007557,02,centroid
32031007540,02,centroid
32031008275,02,centroid
32031004026,02,centroid
32031007553,02,centroid
32031008210,02,centroid
32031008222,02,centroid
32031004017,02,centroid
32031007528,02,centroid
32031008233,02,centroid
32031008236,02,centroid
32031008238,02,centroid
32031007548,02,centroid
32031007567,02,centroid
32031009538,02,centroid
32031008240,02,centroid
32031002010,02,centroid
32031007516,02,centroid
32031001016,02,centroid
32031008217,02,centroid
32031007504,02,centroid
32031007306,02,centroid
32031006105,02,centroid
32031009207,02,centroid
32031009304,02,centroid
32031009208,02,centroid
32031007406,02,centroid
32031006422,02,centroid
32031001040,02,centroid
32031001051,02,centroid
32031002060,02,centroid
32031004047,02,centroid
32031008237,02,centroid
32031006203,02,centroid
32031003006,02,centroid
32031006113,02,centroid
32031007403,02,centroid
32031007433,02,centroid
32031007426,02,centroid
32031005015,02,centroid
32031007100,02,centroid
32031004003,02,centroid
32031005049,02,centroid
32031007428,02,centroid
32031009101,02,centroid
32031009307,02,centroid
32031008232,02,centroid
32031002043,02,centroid
32031008234,02,centroid
32031009532,02,centroid
32031002057,02,centroid
32031008114,02,centroid
32017000001,04,centroid
32017000005,04,centroid
32017000004,04,centroid
32017000003,04,centroid
